{"stats":{"minecraft:crafted":{"minecraft:oak_planks":20,"minecraft:stick":12},"minecraft:used":{"minecraft:wooden_axe":3,"minecraft:crafting_table":2,"twilightforest:moonworm_queen":4,"alexsmobs:animal_dictionary":2},"minecraft:killed":{"minecraft:sheep":1},"minecraft:mined":{"minecraft:grass":6,"twilightforest:moonworm":1,"minecraft:oak_log":5,"minecraft:oak_leaves":5,"minecraft:crafting_table":2},"minecraft:custom":{"minecraft:time_since_rest":11933,"minecraft:play_time":11933,"minecraft:sprint_one_cm":19648,"minecraft:damage_taken":64,"minecraft:walk_one_cm":24137,"minecraft:walk_under_water_one_cm":770,"minecraft:mob_kills":1,"minecraft:boat_one_cm":13095,"minecraft:jump":94,"minecraft:damage_dealt":79,"minecraft:time_since_death":11933,"minecraft:leave_game":2,"minecraft:walk_on_water_one_cm":380,"minecraft:total_world_time":11933,"minecraft:interact_with_crafting_table":4,"minecraft:fall_one_cm":1647,"minecraft:fly_one_cm":11985},"minecraft:picked_up":{"minecraft:wooden_axe":1,"minecraft:crafting_table":2,"twilightforest:moonworm_queen":1,"minecraft:ladder":3,"minecraft:oak_boat":1,"minecraft:oak_log":5,"minecraft:mutton":1,"minecraft:white_wool":1}},"DataVersion":3465}