{"stats":{"minecraft:crafted":{"minecraft:wooden_sword":1,"minecraft:oak_planks":20,"minecraft:diamond_pickaxe":1,"minecraft:stick":12,"minecraft:cooked_chicken":1,"minecraft:wooden_pickaxe":1},"minecraft:used":{"minecraft:wooden_axe":5,"minecraft:diamond_pickaxe":2,"minecraft:bread":16,"minecraft:cooked_chicken":1,"minecraft:wooden_sword":42,"minecraft:crafting_table":3,"twilightforest:moonworm_queen":33,"minecraft:cooked_porkchop":1,"alexsmobs:animal_dictionary":2},"minecraft:mined":{"twilightforest:moonworm":1,"minecraft:crafting_table":4,"minecraft:grass":6,"minecraft:oak_log":5,"minecraft:oak_leaves":5},"minecraft:killed":{"minecraft:sheep":1,"minecraft:skeleton":1,"minecraft:creeper":1},"minecraft:dropped":{"minecraft:wooden_sword":1},"minecraft:custom":{"minecraft:time_since_rest":32610,"minecraft:interact_with_furnace":3,"minecraft:sprint_one_cm":127956,"minecraft:damage_taken":1124,"minecraft:walk_one_cm":97173,"minecraft:mob_kills":3,"minecraft:drop":1,"minecraft:damage_dealt":931,"minecraft:swim_one_cm":215,"minecraft:interact_with_crafting_table":5,"minecraft:fly_one_cm":97136,"minecraft:play_time":32610,"tombstone:undead_killed":1,"minecraft:sneak_time":168,"minecraft:walk_under_water_one_cm":9627,"minecraft:boat_one_cm":13095,"minecraft:jump":627,"minecraft:leave_game":4,"minecraft:time_since_death":32610,"minecraft:walk_on_water_one_cm":4554,"minecraft:total_world_time":32610,"minecraft:climb_one_cm":376,"minecraft:fall_one_cm":19014},"minecraft:picked_up":{"minecraft:wooden_axe":1,"minecraft:crafting_table":4,"minecraft:ladder":3,"twilightforest:moonworm_queen":1,"minecraft:cooked_porkchop":1,"minecraft:oak_log":5,"minecraft:gunpowder":2,"minecraft:amethyst_block":1,"minecraft:string":1,"minecraft:wooden_sword":1,"minecraft:arrow":1,"minecraft:bone":2,"minecraft:diamond":3,"minecraft:bow":1,"minecraft:cobbled_deepslate":1,"minecraft:wheat_seeds":1,"minecraft:oak_boat":1,"tombstone:bag_of_seeds":1,"minecraft:bread":1,"tombstone:magic_scroll":1,"minecraft:mutton":1,"minecraft:white_wool":1}},"DataVersion":3465}