{"stats":{"minecraft:crafted":{"minecraft:wooden_sword":1,"minecraft:oak_planks":20,"minecraft:stick":12,"minecraft:wooden_pickaxe":1,"minecraft:cooked_chicken":1},"minecraft:used":{"minecraft:wooden_axe":4,"minecraft:bread":8,"minecraft:cooked_chicken":1,"minecraft:wooden_sword":14,"minecraft:crafting_table":2,"twilightforest:moonworm_queen":18,"minecraft:cooked_porkchop":1,"alexsmobs:animal_dictionary":2},"minecraft:mined":{"twilightforest:moonworm":1,"minecraft:crafting_table":3,"minecraft:grass":6,"minecraft:oak_log":5,"minecraft:oak_leaves":5},"minecraft:killed":{"minecraft:sheep":1,"minecraft:creeper":1},"minecraft:dropped":{"minecraft:wooden_sword":1},"minecraft:custom":{"minecraft:time_since_rest":23933,"minecraft:sprint_one_cm":89120,"minecraft:interact_with_furnace":2,"minecraft:damage_taken":614,"minecraft:walk_one_cm":72902,"minecraft:mob_kills":2,"minecraft:drop":1,"minecraft:damage_dealt":465,"minecraft:interact_with_crafting_table":4,"minecraft:fly_one_cm":69649,"minecraft:play_time":23933,"minecraft:sneak_time":168,"minecraft:walk_under_water_one_cm":9290,"minecraft:boat_one_cm":13095,"minecraft:jump":369,"minecraft:leave_game":2,"minecraft:walk_on_water_one_cm":3598,"minecraft:time_since_death":23933,"minecraft:total_world_time":23933,"minecraft:fall_one_cm":12724},"minecraft:picked_up":{"minecraft:wooden_axe":1,"minecraft:crafting_table":3,"minecraft:cooked_porkchop":1,"twilightforest:moonworm_queen":1,"minecraft:ladder":3,"minecraft:oak_log":5,"minecraft:gunpowder":2,"minecraft:string":1,"minecraft:wooden_sword":1,"minecraft:wheat_seeds":1,"minecraft:oak_boat":1,"minecraft:bread":1,"tombstone:magic_scroll":1,"minecraft:mutton":1,"minecraft:white_wool":1}},"DataVersion":3465}