{"stats":{"minecraft:crafted":{"minecraft:oak_planks":48,"minecraft:crafting_table":1,"minecraft:wooden_pickaxe":1,"minecraft:stone_axe":1,"minecraft:air":0,"minecraft:bow":1,"minecraft:stick":16,"minecraft:iron_ingot":4,"minecraft:iron_pickaxe":1,"minecraft:stone_pickaxe":1,"minecraft:wooden_axe":1},"minecraft:used":{"minecraft:stone_pickaxe":45,"minecraft:oak_planks":16,"minecraft:wooden_pickaxe":11,"minecraft:crafting_table":1,"minecraft:bread":32,"minecraft:iron_pickaxe":60,"minecraft:stone_axe":66,"minecraft:cobblestone":29,"twilightforest:moonworm_queen":3,"tombstone:gift":1,"alexsmobs:animal_dictionary":12,"minecraft:oak_boat":3,"minecraft:egg":2,"minecraft:cobbled_deepslate":10},"minecraft:killed":{"minecraft:pig":4,"minecraft:zombie_villager":1,"minecraft:spider":1,"minecraft:horse":5,"minecraft:zombie":4,"minecraft:drowned":1,"minecraft:cow":11},"minecraft:mined":{"minecraft:deepslate_diamond_ore":6,"minecraft:kelp_plant":1,"minecraft:grass_block":4,"minecraft:deepslate_gold_ore":17,"minecraft:hay_block":11,"twilightforest:moonworm":3,"minecraft:furnace":1,"minecraft:iron_ore":4,"minecraft:deepslate_lapis_ore":3,"minecraft:grass":10,"minecraft:oak_log":12,"minecraft:coal_ore":9,"minecraft:deepslate_iron_ore":17,"minecraft:oak_stairs":1,"minecraft:dirt":11,"minecraft:stone":35,"minecraft:oak_leaves":2,"minecraft:deepslate":11},"minecraft:dropped":{"minecraft:bread":2,"minecraft:kelp":2,"minecraft:glow_ink_sac":6,"alexsmobs:animal_dictionary":1,"twilightforest:moonworm":3,"minecraft:lantern":1,"minecraft:dirt":15,"minecraft:wooden_axe":3,"minecraft:ladder":3,"minecraft:stone_pickaxe":2,"minecraft:wooden_pickaxe":1,"minecraft:nautilus_shell":1},"minecraft:custom":{"minecraft:interact_with_furnace":8,"minecraft:mob_kills":27,"minecraft:interact_with_crafting_table":7,"minecraft:open_barrel":8,"minecraft:leave_game":1,"minecraft:time_since_death":20635,"minecraft:sleep_in_bed":4,"minecraft:climb_one_cm":1912,"minecraft:time_since_rest":395,"minecraft:sprint_one_cm":116989,"minecraft:damage_taken":2483,"minecraft:walk_one_cm":163085,"minecraft:drop":27,"minecraft:damage_dealt":4280,"minecraft:talked_to_villager":3,"minecraft:swim_one_cm":30777,"minecraft:fly_one_cm":197385,"minecraft:open_chest":1,"minecraft:crouch_one_cm":5697,"minecraft:play_time":74079,"tombstone:undead_killed":6,"minecraft:deaths":1,"minecraft:sneak_time":1610,"minecraft:walk_under_water_one_cm":35391,"minecraft:boat_one_cm":169668,"minecraft:interact_with_lectern":1,"minecraft:jump":1234,"minecraft:walk_on_water_one_cm":16578,"minecraft:total_world_time":74079,"minecraft:fall_one_cm":39487},"minecraft:picked_up":{"minecraft:nautilus_shell":1,"minecraft:ladder":3,"minecraft:glow_ink_sac":6,"minecraft:leather":13,"minecraft:potato":1,"alexsmobs:cachalot_whale_tooth":1,"minecraft:oak_log":12,"minecraft:lapis_lazuli":20,"minecraft:dirt":15,"minecraft:lantern":1,"minecraft:kelp":2,"minecraft:wheat_seeds":2,"minecraft:cobbled_deepslate":10,"minecraft:raw_gold":14,"minecraft:beef":21,"minecraft:stone_pickaxe":1,"minecraft:oak_boat":4,"minecraft:oak_planks":41,"minecraft:furnace":1,"minecraft:egg":2,"minecraft:raw_iron":22,"twilightforest:moonworm_queen":1,"twilightforest:moonworm":4,"minecraft:porkchop":11,"alexsmobs:ambergris":3,"alexsmobs:animal_dictionary":1,"minecraft:diamond":6,"minecraft:hay_block":12,"minecraft:bread":3,"minecraft:coal":17,"minecraft:cobblestone":35,"minecraft:wooden_axe":2},"minecraft:killed_by":{"minecraft:skeleton":1}},"DataVersion":3465}