{"stats":{"minecraft:used":{"twilightforest:moonworm_queen":1,"minecraft:bread":6,"alexsmobs:animal_dictionary":11,"minecraft:oak_boat":1},"minecraft:killed":{"minecraft:drowned":1},"minecraft:mined":{"twilightforest:moonworm":3,"minecraft:oak_stairs":1},"minecraft:dropped":{"minecraft:bread":1,"alexsmobs:animal_dictionary":1,"minecraft:nautilus_shell":1},"minecraft:custom":{"minecraft:open_barrel":8,"minecraft:time_since_rest":26079,"minecraft:crouch_one_cm":2366,"minecraft:sprint_one_cm":653,"minecraft:play_time":26079,"tombstone:undead_killed":1,"minecraft:damage_taken":703,"minecraft:walk_one_cm":49204,"minecraft:sneak_time":515,"minecraft:walk_under_water_one_cm":17580,"minecraft:mob_kills":1,"minecraft:drop":3,"minecraft:interact_with_lectern":1,"minecraft:jump":236,"minecraft:damage_dealt":667,"minecraft:time_since_death":26079,"minecraft:leave_game":1,"minecraft:walk_on_water_one_cm":6767,"minecraft:total_world_time":26079,"minecraft:climb_one_cm":1643,"minecraft:swim_one_cm":10448,"minecraft:fall_one_cm":5105,"minecraft:fly_one_cm":6100},"minecraft:picked_up":{"twilightforest:moonworm_queen":1,"twilightforest:moonworm":1,"alexsmobs:ambergris":3,"minecraft:oak_boat":1,"alexsmobs:animal_dictionary":1,"minecraft:nautilus_shell":1}},"DataVersion":3465}