{"stats":{"minecraft:used":{"minecraft:bread":2,"alexsmobs:animal_dictionary":8,"minecraft:oak_boat":1},"minecraft:killed":{"minecraft:drowned":1},"minecraft:mined":{"twilightforest:moonworm":1,"minecraft:oak_stairs":1},"minecraft:custom":{"minecraft:open_barrel":8,"minecraft:time_since_rest":14079,"minecraft:crouch_one_cm":1126,"minecraft:sprint_one_cm":594,"minecraft:play_time":14079,"tombstone:undead_killed":1,"minecraft:damage_taken":195,"minecraft:walk_one_cm":26148,"minecraft:sneak_time":293,"minecraft:walk_under_water_one_cm":7029,"minecraft:mob_kills":1,"minecraft:interact_with_lectern":1,"minecraft:jump":125,"minecraft:damage_dealt":331,"minecraft:time_since_death":14079,"minecraft:leave_game":1,"minecraft:walk_on_water_one_cm":1688,"minecraft:total_world_time":14079,"minecraft:climb_one_cm":474,"minecraft:swim_one_cm":2616,"minecraft:fall_one_cm":3191,"minecraft:fly_one_cm":3273},"minecraft:picked_up":{"minecraft:oak_boat":1}},"DataVersion":3465}