{"stats":{"minecraft:crafted":{"minecraft:oak_planks":48,"minecraft:cooked_porkchop":8,"minecraft:crafting_table":1,"minecraft:wooden_pickaxe":1,"minecraft:iron_helmet":1,"minecraft:stone_axe":2,"minecraft:bread":36,"minecraft:air":0,"minecraft:iron_boots":1,"minecraft:bow":1,"minecraft:iron_chestplate":1,"minecraft:shield":1,"minecraft:stick":16,"minecraft:iron_ingot":22,"minecraft:iron_pickaxe":1,"minecraft:stone_pickaxe":1,"minecraft:wooden_axe":1,"minecraft:wheat":108},"minecraft:used":{"minecraft:stone_pickaxe":45,"minecraft:oak_planks":22,"minecraft:wooden_pickaxe":11,"minecraft:crafting_table":1,"minecraft:carrot":1,"minecraft:bread":32,"minecraft:iron_pickaxe":65,"twilightforest:moonworm":1,"minecraft:iron_helmet":1,"minecraft:stone_axe":77,"minecraft:cobblestone":29,"twilightforest:moonworm_queen":6,"tombstone:gift":1,"alexsmobs:animal_dictionary":12,"minecraft:oak_boat":3,"minecraft:egg":2,"minecraft:cobbled_deepslate":10},"minecraft:killed":{"minecraft:pig":4,"minecraft:zombie_villager":1,"minecraft:spider":1,"minecraft:horse":5,"minecraft:zombie":4,"takesapillage:clay_golem":1,"minecraft:drowned":1,"alexsmobs:crow":2,"minecraft:cow":11},"minecraft:mined":{"minecraft:deepslate_diamond_ore":6,"minecraft:kelp_plant":1,"minecraft:grass_block":4,"minecraft:cobblestone":3,"minecraft:tall_grass":2,"minecraft:deepslate_gold_ore":17,"minecraft:hay_block":11,"twilightforest:moonworm":4,"minecraft:furnace":1,"minecraft:iron_ore":4,"minecraft:deepslate_lapis_ore":3,"minecraft:grass":13,"minecraft:oak_log":12,"minecraft:coal_ore":9,"minecraft:deepslate_iron_ore":17,"minecraft:oak_stairs":1,"minecraft:dirt":11,"minecraft:stone":35,"minecraft:oak_leaves":2,"minecraft:deepslate":11},"minecraft:dropped":{"minecraft:bread":2,"minecraft:kelp":2,"minecraft:glow_ink_sac":6,"alexsmobs:animal_dictionary":1,"twilightforest:moonworm":6,"minecraft:lantern":1,"minecraft:dirt":15,"minecraft:wooden_axe":3,"minecraft:ladder":3,"minecraft:stone_pickaxe":2,"minecraft:wooden_pickaxe":1,"minecraft:nautilus_shell":1,"minecraft:oak_door":1},"minecraft:custom":{"minecraft:interact_with_furnace":18,"minecraft:mob_kills":30,"minecraft:interact_with_crafting_table":20,"minecraft:open_barrel":8,"minecraft:leave_game":1,"minecraft:time_since_death":32635,"minecraft:sleep_in_bed":4,"minecraft:climb_one_cm":1912,"minecraft:time_since_rest":12395,"minecraft:sprint_one_cm":126315,"minecraft:damage_taken":2533,"minecraft:walk_one_cm":181427,"minecraft:drop":31,"minecraft:damage_dealt":4748,"minecraft:talked_to_villager":6,"minecraft:swim_one_cm":30777,"minecraft:fly_one_cm":212863,"minecraft:open_chest":1,"minecraft:crouch_one_cm":5764,"minecraft:play_time":86079,"tombstone:undead_killed":6,"minecraft:deaths":1,"minecraft:sneak_time":1642,"minecraft:walk_under_water_one_cm":35391,"minecraft:boat_one_cm":169668,"minecraft:interact_with_lectern":1,"minecraft:jump":1347,"minecraft:walk_on_water_one_cm":16578,"minecraft:total_world_time":86079,"minecraft:fall_one_cm":42323},"minecraft:broken":{"minecraft:stone_axe":1},"minecraft:picked_up":{"minecraft:nautilus_shell":1,"minecraft:feather":1,"minecraft:ladder":3,"minecraft:glow_ink_sac":6,"minecraft:leather":13,"minecraft:potato":2,"alexsmobs:cachalot_whale_tooth":1,"minecraft:oak_log":12,"minecraft:lapis_lazuli":20,"minecraft:dirt":15,"minecraft:lantern":1,"minecraft:kelp":2,"minecraft:wheat_seeds":2,"minecraft:cobbled_deepslate":10,"minecraft:raw_gold":14,"minecraft:beef":21,"minecraft:stone_pickaxe":1,"minecraft:oak_boat":4,"minecraft:oak_planks":41,"minecraft:furnace":1,"minecraft:egg":2,"minecraft:raw_iron":22,"twilightforest:moonworm_queen":1,"minecraft:oak_door":1,"twilightforest:moonworm":7,"minecraft:porkchop":11,"alexsmobs:ambergris":3,"minecraft:carrot":1,"alexsmobs:animal_dictionary":1,"minecraft:diamond":6,"minecraft:hay_block":12,"minecraft:bread":3,"minecraft:coal":17,"minecraft:cobblestone":38,"minecraft:wooden_axe":2},"minecraft:killed_by":{"minecraft:skeleton":1}},"DataVersion":3465}