{"stats":{"minecraft:mined":{"minecraft:stone_pressure_plate":1,"minecraft:mossy_cobblestone":2,"minecraft:deepslate_diamond_ore":6,"minecraft:black_terracotta":1,"minecraft:jungle_slab":2,"minecraft:acacia_log":36,"minecraft:grass_block":8,"minecraft:decorated_pot":3,"minecraft:tall_seagrass":2,"minecraft:large_fern":1,"minecraft:hay_block":27,"minecraft:furnace":3,"minecraft:red_sandstone":1,"minecraft:iron_ore":11,"minecraft:andesite":49,"minecraft:deepslate_lapis_ore":3,"minecraft:iron_bars":1,"minecraft:deepslate_iron_ore":17,"minecraft:oak_stairs":1,"minecraft:stone":127,"minecraft:tripwire":14,"minecraft:orange_bed":4,"minecraft:acacia_leaves":32,"minecraft:kelp_plant":1,"minecraft:orange_terracotta":1,"minecraft:crafting_table":1,"minecraft:copper_ore":1,"minecraft:tall_grass":4,"minecraft:cobblestone":7,"minecraft:deepslate_gold_ore":17,"minecraft:oak_planks":1,"minecraft:wall_torch":1,"twilightforest:moonworm":4,"minecraft:yellow_bed":4,"minecraft:grass":37,"minecraft:oak_log":12,"minecraft:coal_ore":26,"minecraft:sand":61,"minecraft:dirt":11,"minecraft:brown_terracotta":1,"minecraft:red_mushroom_block":3,"minecraft:oak_leaves":3,"minecraft:deepslate":11},"minecraft:killed":{"minecraft:spider":4,"alexsmobs:rattlesnake":1,"minecraft:skeleton":2,"minecraft:horse":5,"takesapillage:clay_golem":1,"minecraft:chicken":2,"alexsmobs:bison":1,"minecraft:drowned":2,"alexsmobs:skelewag":1,"alexsmobs:flying_fish":3,"alexsmobs:kangaroo":5,"minecraft:husk":1,"minecraft:pig":4,"minecraft:zombie_villager":1,"alexsmobs:seal":2,"alexsmobs:emu":2,"minecraft:sheep":1,"alexsmobs:gelada_monkey":4,"minecraft:pillager":1,"minecraft:zombie":8,"alexsmobs:elephant":3,"alexsmobs:terrapin":2,"alexsmobs:gazelle":4,"minecraft:stray":1,"alexsmobs:roadrunner":1,"alexsmobs:crow":2,"minecraft:cow":11},"minecraft:picked_up":{"minecraft:wooden_axe":2,"minecraft:crafting_table":1,"minecraft:wheat":8,"minecraft:ladder":3,"minecraft:chicken":2,"alexsmobs:roadrunner_feather":1,"minecraft:string":16,"minecraft:moss_carpet":5,"minecraft:iron_axe":2,"alexsmobs:emu_feather":5,"minecraft:cobbled_deepslate":10,"minecraft:beef":21,"minecraft:oak_boat":19,"alexsmobs:raccoon_tail":1,"minecraft:furnace":3,"minecraft:egg":2,"minecraft:tipped_arrow":12,"minecraft:stick":1,"minecraft:raw_iron":30,"minecraft:sandstone":2,"twilightforest:moonworm_queen":1,"minecraft:oak_door":1,"minecraft:acacia_log":35,"minecraft:torch":3,"alexsmobs:ambergris":3,"minecraft:porkchop":11,"minecraft:carrot":1,"minecraft:iron_horse_armor":1,"minecraft:stone_pressure_plate":1,"minecraft:dark_oak_planks":74,"minecraft:orange_bed":4,"minecraft:arrow":2,"minecraft:rotten_flesh":2,"minecraft:hay_block":26,"alexsmobs:emu_egg":2,"tombstone:essence_of_undeath":1,"alexsmobs:flying_fish":3,"alexsmobs:kangaroo_meat":8,"minecraft:cobblestone":189,"minecraft:nautilus_shell":1,"minecraft:feather":7,"minecraft:tripwire_hook":1,"minecraft:golden_carrot":1,"minecraft:glow_ink_sac":6,"minecraft:andesite":48,"minecraft:acacia_leaves":2,"minecraft:leather":13,"alexsmobs:acacia_blossom":2,"minecraft:potato":2,"alexsmobs:cachalot_whale_tooth":1,"minecraft:oak_log":12,"minecraft:yellow_bed":4,"minecraft:gunpowder":1,"minecraft:lapis_lazuli":20,"minecraft:dirt":19,"minecraft:lantern":1,"minecraft:white_banner":1,"minecraft:orange_terracotta":1,"minecraft:bone":6,"minecraft:acacia_planks":2,"minecraft:kelp":2,"minecraft:bow":1,"minecraft:red_sandstone":8,"minecraft:wheat_seeds":9,"minecraft:raw_gold":18,"minecraft:heart_of_the_sea":2,"minecraft:stone_pickaxe":1,"minecraft:oak_planks":42,"minecraft:dark_oak_stairs":2,"endrem:black_eye":1,"twilightforest:moonworm":8,"minecraft:sand":69,"minecraft:jungle_slab":1,"alexsmobs:animal_dictionary":2,"minecraft:mossy_cobblestone":1,"alexsmobs:kangaroo_hide":9,"minecraft:blue_terracotta":1,"minecraft:diamond":6,"minecraft:bread":3,"minecraft:terracotta":2,"minecraft:chiseled_red_sandstone":7,"minecraft:dark_oak_wood":3,"minecraft:coal":60},"minecraft:custom":{"minecraft:mob_kills":75,"minecraft:interact_with_crafting_table":34,"minecraft:open_barrel":10,"minecraft:leave_game":2,"minecraft:time_since_death":13623,"minecraft:climb_one_cm":4735,"minecraft:sprint_one_cm":389542,"minecraft:walk_one_cm":509507,"minecraft:damage_blocked_by_shield":1497,"minecraft:drop":145,"minecraft:talked_to_villager":11,"minecraft:play_time":254554,"minecraft:deaths":2,"minecraft:sneak_time":6004,"minecraft:walk_under_water_one_cm":91907,"minecraft:boat_one_cm":1038612,"minecraft:interact_with_lectern":6,"minecraft:interact_with_brewingstand":1,"minecraft:jump":3998,"minecraft:interact_with_blast_furnace":1,"minecraft:walk_on_water_one_cm":49654,"minecraft:total_world_time":254554,"minecraft:interact_with_furnace":32,"tombstone:raider_killed":1,"minecraft:sleep_in_bed":11,"minecraft:time_since_rest":12986,"minecraft:damage_taken":5931,"minecraft:damage_absorbed":163,"minecraft:trigger_trapped_chest":2,"minecraft:damage_dealt":14701,"minecraft:swim_one_cm":61310,"minecraft:fly_one_cm":753525,"minecraft:open_chest":31,"minecraft:crouch_one_cm":15148,"tombstone:undead_killed":16,"minecraft:interact_with_smoker":1,"minecraft:horse_one_cm":89352,"minecraft:inspect_dispenser":7,"minecraft:fall_one_cm":119696},"minecraft:dropped":{"minecraft:bread":2,"minecraft:dark_oak_stairs":2,"minecraft:wheat_seeds":9,"minecraft:glow_ink_sac":6,"twilightforest:moonworm":8,"minecraft:cobblestone":24,"minecraft:lantern":1,"minecraft:iron_horse_armor":1,"minecraft:leather_helmet":1,"minecraft:stick":5,"minecraft:dirt":17,"alexsmobs:roadrunner_feather":1,"minecraft:golden_carrot":1,"minecraft:torch":1,"minecraft:dark_oak_wood":3,"minecraft:wooden_axe":3,"alexsmobs:flying_fish":3,"tombstone:grave_dust":1,"minecraft:heart_of_the_sea":2,"minecraft:iron_axe":2,"minecraft:gold_nugget":24,"alexsmobs:emu_feather":1,"minecraft:sand":24,"minecraft:dark_oak_planks":35,"alexsmobs:raccoon_tail":1,"minecraft:oak_door":1,"minecraft:furnace":1,"minecraft:moss_carpet":5,"minecraft:kelp":2,"alexsmobs:animal_dictionary":2,"minecraft:rotten_flesh":2,"minecraft:acacia_leaves":2,"minecraft:filled_map":1,"minecraft:hay_block":1,"minecraft:tipped_arrow":3,"minecraft:andesite":48,"minecraft:oak_boat":3,"minecraft:ladder":3,"tombstone:essence_of_undeath":1,"minecraft:arrow":2,"minecraft:bow":1,"minecraft:wooden_pickaxe":1,"minecraft:stone_pickaxe":2,"minecraft:nautilus_shell":1,"minecraft:terracotta":2},"minecraft:crafted":{"minecraft:oak_planks":48,"minecraft:furnace":2,"minecraft:bow":1,"minecraft:iron_boots":1,"minecraft:iron_axe":1,"minecraft:stone_pickaxe":1,"minecraft:wheat":217,"minecraft:cooked_beef":13,"minecraft:wooden_shovel":1,"minecraft:cooked_porkchop":11,"minecraft:crafting_table":7,"minecraft:wooden_pickaxe":1,"minecraft:iron_helmet":1,"alexsmobs:cooked_kangaroo_meat":8,"minecraft:leather_helmet":1,"minecraft:stone_axe":3,"minecraft:bread":75,"minecraft:air":0,"minecraft:iron_chestplate":1,"minecraft:diamond_pickaxe":1,"minecraft:shield":3,"minecraft:stick":28,"minecraft:iron_ingot":30,"minecraft:iron_pickaxe":1,"minecraft:wooden_axe":1,"alexsmobs:emu_leggings":1,"minecraft:acacia_planks":106},"minecraft:broken":{"minecraft:shield":1,"minecraft:stone_axe":3,"minecraft:iron_pickaxe":1},"minecraft:used":{"minecraft:acacia_log":8,"minecraft:shield":66,"minecraft:wooden_shovel":25,"minecraft:orange_bed":3,"minecraft:torch":1,"minecraft:dirt":2,"minecraft:carrot":11,"minecraft:jungle_slab":1,"minecraft:dark_oak_planks":1,"minecraft:iron_axe":42,"twilightforest:moonworm":1,"minecraft:iron_helmet":1,"minecraft:bow":14,"minecraft:golden_carrot":2,"minecraft:beef":8,"endrem:black_eye":1,"twilightforest:moonworm_queen":11,"minecraft:furnace":2,"tombstone:gift":1,"minecraft:egg":2,"minecraft:cooked_beef":3,"minecraft:acacia_planks":4,"minecraft:cobbled_deepslate":10,"minecraft:oak_planks":65,"minecraft:stone_pickaxe":45,"minecraft:wooden_pickaxe":11,"minecraft:sandstone":2,"minecraft:sand":2,"minecraft:crafting_table":7,"simplyswords:iron_halberd":41,"minecraft:diamond_pickaxe":10,"minecraft:bread":73,"minecraft:iron_pickaxe":242,"minecraft:stone_axe":232,"minecraft:cobblestone":106,"minecraft:cooked_porkchop":4,"minecraft:yellow_bed":4,"alexsmobs:animal_dictionary":41,"minecraft:oak_boat":16,"alexsmobs:emu_leggings":1,"minecraft:experience_bottle":3,"alexsmobs:emu_egg":2},"minecraft:killed_by":{"minecraft:skeleton":1}},"DataVersion":3465}