{"stats":{"minecraft:crafted":{"minecraft:oak_planks":24,"minecraft:crafting_table":1,"minecraft:wooden_pickaxe":1,"minecraft:stone_axe":1,"minecraft:air":0,"minecraft:bow":1,"minecraft:stick":16,"minecraft:iron_ingot":4,"minecraft:iron_pickaxe":1,"minecraft:stone_pickaxe":1,"minecraft:wooden_axe":1},"minecraft:used":{"minecraft:stone_pickaxe":45,"minecraft:wooden_pickaxe":11,"minecraft:crafting_table":1,"minecraft:bread":17,"minecraft:iron_pickaxe":48,"minecraft:stone_axe":5,"minecraft:cobblestone":23,"twilightforest:moonworm_queen":2,"alexsmobs:animal_dictionary":12,"minecraft:oak_boat":2,"minecraft:egg":1},"minecraft:killed":{"minecraft:zombie_villager":1,"minecraft:drowned":1},"minecraft:mined":{"minecraft:deepslate_diamond_ore":3,"minecraft:grass_block":4,"minecraft:deepslate_gold_ore":14,"twilightforest:moonworm":3,"minecraft:furnace":1,"minecraft:iron_ore":4,"minecraft:deepslate_lapis_ore":3,"minecraft:oak_log":6,"minecraft:coal_ore":9,"minecraft:deepslate_iron_ore":16,"minecraft:oak_stairs":1,"minecraft:dirt":11,"minecraft:stone":35,"minecraft:oak_leaves":2,"minecraft:deepslate":9},"minecraft:dropped":{"minecraft:bread":2,"alexsmobs:animal_dictionary":1,"twilightforest:moonworm":3,"minecraft:lantern":1,"minecraft:dirt":15,"minecraft:wooden_axe":3,"minecraft:ladder":3,"minecraft:stone_pickaxe":2,"minecraft:wooden_pickaxe":1,"minecraft:nautilus_shell":1},"minecraft:custom":{"minecraft:interact_with_furnace":6,"minecraft:mob_kills":2,"minecraft:interact_with_crafting_table":6,"minecraft:open_barrel":8,"minecraft:leave_game":1,"minecraft:time_since_death":50079,"minecraft:climb_one_cm":1679,"minecraft:time_since_rest":50079,"minecraft:sprint_one_cm":54852,"minecraft:damage_taken":1503,"minecraft:walk_one_cm":97076,"minecraft:drop":19,"minecraft:damage_dealt":1182,"minecraft:swim_one_cm":10819,"minecraft:fly_one_cm":69040,"minecraft:crouch_one_cm":4371,"minecraft:play_time":50079,"tombstone:undead_killed":2,"minecraft:sneak_time":1307,"minecraft:walk_under_water_one_cm":22863,"minecraft:boat_one_cm":147663,"minecraft:interact_with_lectern":1,"minecraft:jump":570,"minecraft:walk_on_water_one_cm":10462,"minecraft:total_world_time":50079,"minecraft:fall_one_cm":15112},"minecraft:picked_up":{"minecraft:nautilus_shell":1,"minecraft:ladder":3,"alexsmobs:cachalot_whale_tooth":1,"minecraft:oak_log":6,"minecraft:lapis_lazuli":20,"minecraft:dirt":15,"minecraft:lantern":1,"minecraft:cobbled_deepslate":8,"minecraft:raw_gold":14,"minecraft:stone_pickaxe":1,"minecraft:oak_boat":3,"minecraft:oak_planks":22,"minecraft:furnace":1,"minecraft:egg":1,"minecraft:raw_iron":21,"twilightforest:moonworm_queen":1,"twilightforest:moonworm":4,"alexsmobs:ambergris":3,"alexsmobs:animal_dictionary":1,"minecraft:diamond":3,"minecraft:coal":17,"minecraft:cobblestone":35,"minecraft:wooden_axe":2}},"DataVersion":3465}