{"stats":{"minecraft:crafted":{"minecraft:oak_planks":24,"minecraft:crafting_table":1,"minecraft:wooden_pickaxe":1,"minecraft:stone_axe":1,"minecraft:air":0,"minecraft:bow":1,"minecraft:stick":16,"minecraft:iron_ingot":4,"minecraft:iron_pickaxe":1,"minecraft:stone_pickaxe":1,"minecraft:wooden_axe":1},"minecraft:used":{"minecraft:stone_pickaxe":45,"minecraft:oak_planks":15,"minecraft:wooden_pickaxe":11,"minecraft:crafting_table":1,"minecraft:bread":28,"minecraft:iron_pickaxe":60,"minecraft:stone_axe":11,"minecraft:cobblestone":29,"twilightforest:moonworm_queen":3,"tombstone:gift":1,"alexsmobs:animal_dictionary":12,"minecraft:oak_boat":2,"minecraft:egg":1,"minecraft:cobbled_deepslate":10},"minecraft:killed":{"minecraft:zombie_villager":1,"minecraft:spider":1,"minecraft:zombie":4,"minecraft:drowned":1},"minecraft:mined":{"minecraft:deepslate_diamond_ore":6,"minecraft:kelp_plant":1,"minecraft:grass_block":4,"minecraft:deepslate_gold_ore":17,"twilightforest:moonworm":3,"minecraft:furnace":1,"minecraft:iron_ore":4,"minecraft:deepslate_lapis_ore":3,"minecraft:oak_log":6,"minecraft:coal_ore":9,"minecraft:deepslate_iron_ore":17,"minecraft:oak_stairs":1,"minecraft:dirt":11,"minecraft:stone":35,"minecraft:oak_leaves":2,"minecraft:deepslate":11},"minecraft:dropped":{"minecraft:bread":2,"minecraft:kelp":2,"minecraft:glow_ink_sac":6,"alexsmobs:animal_dictionary":1,"twilightforest:moonworm":3,"minecraft:lantern":1,"minecraft:dirt":15,"minecraft:wooden_axe":3,"minecraft:ladder":3,"minecraft:stone_pickaxe":2,"minecraft:wooden_pickaxe":1,"minecraft:nautilus_shell":1},"minecraft:custom":{"minecraft:interact_with_furnace":7,"minecraft:mob_kills":7,"minecraft:interact_with_crafting_table":6,"minecraft:open_barrel":8,"minecraft:leave_game":1,"minecraft:time_since_death":8635,"minecraft:climb_one_cm":1679,"minecraft:time_since_rest":8054,"minecraft:sprint_one_cm":87245,"minecraft:damage_taken":2453,"minecraft:walk_one_cm":134065,"minecraft:drop":27,"minecraft:damage_dealt":1672,"minecraft:swim_one_cm":30777,"minecraft:fly_one_cm":126260,"minecraft:crouch_one_cm":5697,"minecraft:play_time":62079,"tombstone:undead_killed":6,"minecraft:deaths":1,"minecraft:sneak_time":1603,"minecraft:walk_under_water_one_cm":34892,"minecraft:boat_one_cm":147663,"minecraft:interact_with_lectern":1,"minecraft:jump":941,"minecraft:walk_on_water_one_cm":16055,"minecraft:total_world_time":62079,"minecraft:fall_one_cm":31763},"minecraft:picked_up":{"minecraft:nautilus_shell":1,"minecraft:ladder":3,"minecraft:glow_ink_sac":6,"alexsmobs:cachalot_whale_tooth":1,"minecraft:oak_log":6,"minecraft:lapis_lazuli":20,"minecraft:dirt":15,"minecraft:lantern":1,"minecraft:kelp":2,"minecraft:cobbled_deepslate":10,"minecraft:raw_gold":14,"minecraft:stone_pickaxe":1,"minecraft:oak_boat":3,"minecraft:oak_planks":41,"minecraft:furnace":1,"minecraft:egg":1,"minecraft:raw_iron":22,"twilightforest:moonworm_queen":1,"twilightforest:moonworm":4,"alexsmobs:ambergris":3,"alexsmobs:animal_dictionary":1,"minecraft:diamond":6,"minecraft:bread":3,"minecraft:coal":17,"minecraft:cobblestone":35,"minecraft:wooden_axe":2},"minecraft:killed_by":{"minecraft:skeleton":1}},"DataVersion":3465}