{"stats":{"minecraft:mined":{"minecraft:stone_pressure_plate":1,"minecraft:deepslate_diamond_ore":6,"minecraft:black_terracotta":1,"minecraft:acacia_log":18,"minecraft:grass_block":8,"minecraft:decorated_pot":2,"minecraft:tall_seagrass":1,"minecraft:large_fern":1,"minecraft:hay_block":14,"minecraft:furnace":1,"minecraft:red_sandstone":1,"minecraft:iron_ore":11,"minecraft:andesite":30,"minecraft:deepslate_lapis_ore":3,"minecraft:deepslate_iron_ore":17,"minecraft:oak_stairs":1,"minecraft:stone":126,"minecraft:acacia_leaves":29,"minecraft:kelp_plant":1,"minecraft:orange_terracotta":1,"minecraft:copper_ore":1,"minecraft:tall_grass":4,"minecraft:cobblestone":3,"minecraft:deepslate_gold_ore":17,"minecraft:oak_planks":1,"minecraft:wall_torch":1,"twilightforest:moonworm":4,"minecraft:yellow_bed":4,"minecraft:grass":27,"minecraft:oak_log":12,"minecraft:coal_ore":26,"minecraft:dirt":11,"minecraft:brown_terracotta":1,"minecraft:oak_leaves":3,"minecraft:deepslate":11},"minecraft:killed":{"minecraft:spider":2,"alexsmobs:rattlesnake":1,"minecraft:skeleton":1,"minecraft:horse":5,"takesapillage:clay_golem":1,"minecraft:chicken":2,"minecraft:drowned":1,"alexsmobs:kangaroo":5,"minecraft:husk":1,"minecraft:pig":4,"minecraft:zombie_villager":1,"alexsmobs:emu":2,"alexsmobs:gelada_monkey":4,"minecraft:pillager":1,"minecraft:zombie":4,"alexsmobs:elephant":3,"alexsmobs:terrapin":2,"alexsmobs:roadrunner":1,"alexsmobs:crow":2,"minecraft:cow":11},"minecraft:picked_up":{"minecraft:wooden_axe":2,"minecraft:ladder":3,"minecraft:chicken":2,"alexsmobs:roadrunner_feather":1,"minecraft:string":1,"alexsmobs:emu_feather":5,"minecraft:cobbled_deepslate":10,"minecraft:beef":21,"minecraft:oak_boat":11,"minecraft:furnace":1,"minecraft:egg":2,"minecraft:stick":1,"minecraft:raw_iron":30,"minecraft:sandstone":2,"twilightforest:moonworm_queen":1,"minecraft:oak_door":1,"minecraft:acacia_log":17,"minecraft:torch":2,"alexsmobs:ambergris":3,"minecraft:porkchop":11,"minecraft:carrot":1,"minecraft:stone_pressure_plate":1,"minecraft:rotten_flesh":1,"minecraft:hay_block":13,"alexsmobs:kangaroo_meat":8,"minecraft:cobblestone":133,"minecraft:nautilus_shell":1,"minecraft:feather":7,"minecraft:glow_ink_sac":6,"minecraft:acacia_leaves":2,"minecraft:leather":13,"alexsmobs:acacia_blossom":1,"minecraft:potato":2,"alexsmobs:cachalot_whale_tooth":1,"minecraft:oak_log":12,"minecraft:yellow_bed":4,"minecraft:lapis_lazuli":20,"minecraft:dirt":19,"minecraft:lantern":1,"minecraft:white_banner":1,"minecraft:orange_terracotta":1,"minecraft:bone":2,"minecraft:kelp":2,"minecraft:red_sandstone":8,"minecraft:wheat_seeds":9,"minecraft:raw_gold":18,"minecraft:stone_pickaxe":1,"minecraft:oak_planks":42,"twilightforest:moonworm":8,"minecraft:sand":14,"alexsmobs:animal_dictionary":1,"alexsmobs:kangaroo_hide":9,"minecraft:blue_terracotta":1,"minecraft:diamond":6,"minecraft:bread":3,"minecraft:terracotta":2,"minecraft:chiseled_red_sandstone":7,"minecraft:coal":34},"minecraft:custom":{"minecraft:mob_kills":54,"minecraft:interact_with_crafting_table":26,"minecraft:open_barrel":10,"minecraft:leave_game":2,"minecraft:time_since_death":123110,"minecraft:climb_one_cm":1912,"minecraft:sprint_one_cm":308279,"minecraft:walk_one_cm":377339,"minecraft:damage_blocked_by_shield":1117,"minecraft:drop":55,"minecraft:talked_to_villager":9,"minecraft:play_time":176554,"minecraft:deaths":1,"minecraft:sneak_time":5183,"minecraft:walk_under_water_one_cm":66637,"minecraft:boat_one_cm":290843,"minecraft:interact_with_lectern":6,"minecraft:jump":3253,"minecraft:walk_on_water_one_cm":31256,"minecraft:total_world_time":176554,"minecraft:interact_with_furnace":21,"tombstone:raider_killed":1,"minecraft:sleep_in_bed":8,"minecraft:time_since_rest":25931,"minecraft:damage_taken":5049,"minecraft:damage_absorbed":118,"minecraft:trigger_trapped_chest":2,"minecraft:damage_dealt":12085,"minecraft:swim_one_cm":45530,"minecraft:fly_one_cm":654569,"minecraft:open_chest":11,"minecraft:crouch_one_cm":12641,"tombstone:undead_killed":8,"minecraft:fall_one_cm":103952},"minecraft:dropped":{"minecraft:bread":2,"minecraft:wheat_seeds":8,"minecraft:glow_ink_sac":6,"twilightforest:moonworm":8,"minecraft:cobblestone":5,"minecraft:lantern":1,"minecraft:dirt":17,"alexsmobs:roadrunner_feather":1,"minecraft:wooden_axe":3,"tombstone:grave_dust":1,"alexsmobs:emu_feather":1,"minecraft:oak_door":1,"minecraft:furnace":1,"minecraft:kelp":2,"alexsmobs:animal_dictionary":1,"minecraft:rotten_flesh":1,"minecraft:acacia_leaves":2,"minecraft:hay_block":1,"minecraft:oak_boat":1,"minecraft:ladder":3,"minecraft:wooden_pickaxe":1,"minecraft:stone_pickaxe":2,"minecraft:nautilus_shell":1,"minecraft:terracotta":2},"minecraft:crafted":{"minecraft:oak_planks":48,"minecraft:bow":1,"minecraft:iron_boots":1,"minecraft:stone_pickaxe":1,"minecraft:wheat":108,"minecraft:cooked_porkchop":11,"minecraft:crafting_table":2,"minecraft:wooden_pickaxe":1,"minecraft:iron_helmet":1,"minecraft:stone_axe":3,"minecraft:bread":36,"minecraft:air":0,"minecraft:iron_chestplate":1,"minecraft:shield":2,"minecraft:stick":24,"minecraft:iron_ingot":22,"minecraft:iron_pickaxe":1,"minecraft:wooden_axe":1,"alexsmobs:emu_leggings":1,"minecraft:acacia_planks":36},"minecraft:broken":{"minecraft:shield":1,"minecraft:stone_axe":3},"minecraft:used":{"minecraft:acacia_log":7,"minecraft:shield":51,"minecraft:dirt":2,"minecraft:carrot":9,"twilightforest:moonworm":1,"minecraft:iron_helmet":1,"minecraft:beef":8,"twilightforest:moonworm_queen":9,"tombstone:gift":1,"minecraft:egg":2,"minecraft:cobbled_deepslate":10,"minecraft:oak_planks":65,"minecraft:stone_pickaxe":45,"minecraft:wooden_pickaxe":11,"minecraft:sandstone":2,"minecraft:crafting_table":2,"minecraft:bread":71,"minecraft:iron_pickaxe":223,"minecraft:stone_axe":232,"minecraft:cobblestone":52,"minecraft:cooked_porkchop":2,"minecraft:yellow_bed":3,"alexsmobs:animal_dictionary":38,"minecraft:oak_boat":9,"alexsmobs:emu_leggings":1},"minecraft:killed_by":{"minecraft:skeleton":1}},"DataVersion":3465}