{"stats":{"minecraft:crafted":{"minecraft:oak_planks":24,"minecraft:bow":1,"minecraft:stick":16,"minecraft:stone_pickaxe":1,"minecraft:wooden_pickaxe":1,"minecraft:wooden_axe":1,"minecraft:stone_axe":1},"minecraft:used":{"minecraft:stone_pickaxe":35,"minecraft:bread":7,"minecraft:wooden_pickaxe":11,"minecraft:cobblestone":2,"twilightforest:moonworm_queen":1,"minecraft:oak_boat":2,"alexsmobs:animal_dictionary":11},"minecraft:killed":{"minecraft:drowned":1},"minecraft:mined":{"twilightforest:moonworm":3,"minecraft:iron_ore":4,"minecraft:coal_ore":9,"minecraft:grass_block":4,"minecraft:oak_log":6,"minecraft:oak_stairs":1,"minecraft:dirt":11,"minecraft:stone":25,"minecraft:oak_leaves":2},"minecraft:dropped":{"minecraft:bread":1,"minecraft:dirt":15,"alexsmobs:animal_dictionary":1,"minecraft:wooden_axe":3,"twilightforest:moonworm":3,"minecraft:ladder":3,"minecraft:lantern":1,"minecraft:wooden_pickaxe":1,"minecraft:nautilus_shell":1},"minecraft:custom":{"minecraft:time_since_rest":38079,"minecraft:sprint_one_cm":21205,"minecraft:damage_taken":753,"minecraft:walk_one_cm":65139,"minecraft:mob_kills":1,"minecraft:drop":16,"minecraft:damage_dealt":711,"minecraft:swim_one_cm":10819,"minecraft:interact_with_crafting_table":4,"minecraft:fly_one_cm":18128,"minecraft:open_barrel":8,"minecraft:crouch_one_cm":2740,"tombstone:undead_killed":1,"minecraft:play_time":38079,"minecraft:sneak_time":867,"minecraft:walk_under_water_one_cm":22756,"minecraft:interact_with_lectern":1,"minecraft:boat_one_cm":147663,"minecraft:jump":321,"minecraft:leave_game":1,"minecraft:walk_on_water_one_cm":8448,"minecraft:time_since_death":38079,"minecraft:climb_one_cm":1679,"minecraft:total_world_time":38079,"minecraft:fall_one_cm":7702},"minecraft:picked_up":{"minecraft:nautilus_shell":1,"minecraft:raw_iron":4,"twilightforest:moonworm_queen":1,"minecraft:ladder":3,"twilightforest:moonworm":3,"alexsmobs:ambergris":3,"alexsmobs:cachalot_whale_tooth":1,"minecraft:oak_log":6,"minecraft:dirt":15,"alexsmobs:animal_dictionary":1,"minecraft:lantern":1,"minecraft:oak_boat":3,"minecraft:oak_planks":22,"minecraft:coal":9,"minecraft:cobblestone":24,"minecraft:wooden_axe":2}},"DataVersion":3465}