{"stats":{"minecraft:crafted":{"minecraft:oak_planks":12,"minecraft:diamond_sword":1,"minecraft:crafting_table":4,"minecraft:iron_helmet":1,"minecraft:wooden_pickaxe":1,"minecraft:cooked_chicken":4,"minecraft:furnace":2,"minecraft:bucket":1,"minecraft:birch_planks":28,"minecraft:stone_axe":1,"minecraft:air":0,"minecraft:iron_boots":1,"minecraft:iron_chestplate":1,"minecraft:diamond_pickaxe":1,"minecraft:shield":1,"minecraft:stick":12,"minecraft:iron_ingot":33,"minecraft:iron_pickaxe":1,"minecraft:stone_pickaxe":1,"minecraft:iron_leggings":1,"minecraft:stone_hoe":1,"minecraft:diamond_chestplate":1},"minecraft:used":{"minecraft:stone_pickaxe":55,"minecraft:oak_planks":19,"minecraft:shield":16,"minecraft:wooden_pickaxe":14,"minecraft:stone_hoe":23,"minecraft:cooked_chicken":4,"minecraft:iron_chestplate":1,"minecraft:dirt":5,"minecraft:crafting_table":10,"minecraft:tuff":1,"minecraft:diamond_pickaxe":312,"minecraft:oak_stairs":1,"minecraft:bread":33,"minecraft:iron_pickaxe":17,"twilightforest:moonworm":1,"minecraft:iron_helmet":1,"minecraft:stone_axe":70,"minecraft:diamond_sword":11,"twilightforest:moonworm_queen":13,"minecraft:furnace":7,"tombstone:gift":2,"minecraft:oak_boat":3,"alexsmobs:animal_dictionary":1,"minecraft:cobbled_deepslate":11},"minecraft:killed":{"minecraft:witch":1,"minecraft:spider":9,"minecraft:creeper":3,"minecraft:skeleton":1,"minecraft:zombie":9,"minecraft:chicken":8},"minecraft:mined":{"minecraft:tuff":3,"minecraft:deepslate_diamond_ore":20,"minecraft:crafting_table":6,"minecraft:grass_block":6,"minecraft:tall_grass":2,"minecraft:oak_planks":1,"minecraft:sugar_cane":1,"minecraft:hay_block":21,"minecraft:furnace":5,"minecraft:birch_log":7,"minecraft:iron_ore":8,"minecraft:cobbled_deepslate":1,"minecraft:grass":10,"minecraft:oak_log":3,"minecraft:coal_ore":49,"minecraft:vine":1,"minecraft:deepslate_iron_ore":56,"minecraft:stripped_oak_log":2,"minecraft:dirt":12,"minecraft:stone":200,"minecraft:deepslate":36},"minecraft:dropped":{"minecraft:wheat_seeds":4,"alexsmobs:animal_dictionary":1,"minecraft:diamond":2,"twilightforest:moonworm":2,"minecraft:raw_iron":2,"minecraft:lantern":1,"alexsmobs:cachalot_whale_tooth":1,"minecraft:iron_chestplate":1,"minecraft:ladder":1,"minecraft:stone_pickaxe":2,"minecraft:wooden_pickaxe":1,"minecraft:iron_pickaxe":2,"minecraft:nautilus_shell":1},"minecraft:custom":{"minecraft:interact_with_furnace":46,"minecraft:mob_kills":31,"tombstone:raider_killed":1,"minecraft:interact_with_crafting_table":17,"minecraft:open_barrel":30,"minecraft:leave_game":1,"minecraft:sleep_in_bed":2,"minecraft:time_since_death":74633,"minecraft:climb_one_cm":912,"minecraft:time_since_rest":395,"minecraft:sprint_one_cm":222019,"minecraft:damage_taken":10064,"minecraft:walk_one_cm":167973,"minecraft:damage_blocked_by_shield":640,"minecraft:drop":21,"minecraft:damage_dealt":5799,"minecraft:swim_one_cm":87642,"minecraft:fly_one_cm":300975,"minecraft:open_chest":2,"minecraft:crouch_one_cm":15184,"minecraft:play_time":74633,"tombstone:undead_killed":10,"minecraft:sneak_time":5941,"minecraft:walk_under_water_one_cm":25663,"minecraft:boat_one_cm":30735,"minecraft:interact_with_lectern":3,"minecraft:jump":1704,"minecraft:walk_on_water_one_cm":34073,"minecraft:total_world_time":74633,"minecraft:fall_one_cm":35199},"minecraft:picked_up":{"minecraft:nautilus_shell":1,"minecraft:birch_log":7,"minecraft:crafting_table":6,"minecraft:feather":8,"minecraft:chicken":8,"minecraft:ladder":1,"minecraft:glow_ink_sac":1,"minecraft:oak_stairs":1,"alexsmobs:cachalot_whale_tooth":1,"minecraft:tuff":3,"minecraft:oak_log":3,"minecraft:gunpowder":2,"minecraft:string":2,"minecraft:dirt":18,"minecraft:lantern":1,"minecraft:bone":1,"minecraft:wheat_seeds":6,"minecraft:cobbled_deepslate":37,"alexsmobs:cockroach_wing_fragment":1,"minecraft:iron_ingot":2,"minecraft:stone_pickaxe":1,"minecraft:oak_boat":4,"minecraft:iron_pickaxe":1,"minecraft:sugar_cane":3,"minecraft:oak_planks":19,"minecraft:furnace":5,"minecraft:stick":2,"minecraft:raw_iron":89,"twilightforest:moonworm_queen":1,"twilightforest:moonworm":3,"tombstone:grave_dust":1,"minecraft:spider_eye":2,"alexsmobs:animal_dictionary":1,"minecraft:bundle":1,"minecraft:rotten_flesh":8,"minecraft:diamond":19,"minecraft:hay_block":20,"minecraft:bread":1,"minecraft:coal":76,"minecraft:cobblestone":200}},"DataVersion":3465}