{"stats":{"minecraft:crafted":{"minecraft:oak_planks":12,"minecraft:cooked_chicken":4,"minecraft:furnace":2,"minecraft:iron_boots":1,"minecraft:stone_pickaxe":1,"minecraft:stone_hoe":1,"minecraft:wheat":180,"minecraft:diamond_sword":1,"minecraft:crafting_table":4,"minecraft:wooden_pickaxe":1,"minecraft:iron_helmet":1,"minecraft:bucket":1,"minecraft:birch_planks":28,"minecraft:stone_axe":1,"minecraft:bread":60,"minecraft:air":0,"minecraft:iron_chestplate":1,"minecraft:diamond_pickaxe":1,"minecraft:shield":2,"minecraft:stick":12,"minecraft:iron_pickaxe":1,"minecraft:iron_ingot":54,"minecraft:iron_leggings":1,"minecraft:diamond_chestplate":1},"minecraft:used":{"minecraft:shield":25,"minecraft:stone_hoe":23,"minecraft:cooked_chicken":4,"minecraft:iron_chestplate":1,"minecraft:dirt":15,"minecraft:tuff":1,"minecraft:oak_stairs":1,"twilightforest:moonworm":1,"minecraft:iron_helmet":1,"minecraft:furnace":7,"twilightforest:moonworm_queen":15,"minecraft:goat_horn":22,"tombstone:gift":2,"minecraft:cobbled_deepslate":18,"minecraft:water_bucket":13,"minecraft:stone_pickaxe":55,"minecraft:oak_planks":19,"minecraft:ender_pearl":1,"minecraft:wooden_pickaxe":14,"minecraft:crafting_table":10,"minecraft:white_bed":1,"minecraft:diamond_pickaxe":378,"minecraft:bread":76,"minecraft:iron_pickaxe":17,"minecraft:stone_axe":74,"minecraft:diamond_sword":111,"minecraft:cobblestone":11,"minecraft:bucket":14,"alexsmobs:animal_dictionary":30,"minecraft:oak_boat":3},"minecraft:killed":{"minecraft:witch":1,"minecraft:spider":12,"minecraft:skeleton":5,"minecraft:chicken":8,"minecraft:drowned":1,"alexsmobs:kangaroo":1,"minecraft:husk":4,"alexsmobs:guster":1,"minecraft:creeper":3,"alexsmobs:emu":3,"alexsmobs:gelada_monkey":1,"minecraft:pillager":2,"minecraft:zombie":18,"minecraft:enderman":1},"minecraft:mined":{"minecraft:tuff":3,"minecraft:yellow_wall_banner":1,"minecraft:white_bed":2,"minecraft:deepslate_diamond_ore":20,"minecraft:obsidian":10,"minecraft:grass_block":6,"minecraft:large_fern":1,"minecraft:hay_block":21,"minecraft:furnace":5,"minecraft:red_sandstone":7,"minecraft:iron_ore":8,"minecraft:cobbled_deepslate":1,"minecraft:deepslate_iron_ore":56,"minecraft:vine":1,"minecraft:stripped_oak_log":2,"minecraft:stone":209,"minecraft:crafting_table":6,"minecraft:dead_bush":1,"minecraft:tall_grass":27,"minecraft:cobblestone":2,"minecraft:sugar_cane":3,"minecraft:oak_planks":2,"minecraft:birch_log":7,"minecraft:grass":50,"minecraft:coal_ore":86,"minecraft:oak_log":3,"minecraft:dirt":12,"minecraft:deepslate":36},"minecraft:dropped":{"minecraft:iron_ingot":14,"minecraft:bread":12,"minecraft:wheat_seeds":12,"minecraft:glow_ink_sac":1,"minecraft:diamond":2,"twilightforest:moonworm":2,"minecraft:lantern":1,"minecraft:iron_pickaxe":2,"minecraft:oak_door":1,"alexsmobs:maggot":1,"alexsmobs:animal_dictionary":1,"minecraft:raw_iron":2,"alexsmobs:cachalot_whale_tooth":1,"alexsmobs:cockroach_wing_fragment":1,"minecraft:bundle":1,"minecraft:iron_chestplate":1,"minecraft:ladder":1,"minecraft:spider_eye":2,"minecraft:bow":1,"minecraft:wooden_pickaxe":1,"minecraft:stone_pickaxe":2,"minecraft:nautilus_shell":1},"minecraft:custom":{"minecraft:mob_kills":61,"minecraft:interact_with_crafting_table":22,"minecraft:open_barrel":30,"minecraft:leave_game":1,"minecraft:time_since_death":134633,"minecraft:climb_one_cm":1361,"minecraft:sprint_one_cm":523829,"minecraft:walk_one_cm":254391,"minecraft:damage_blocked_by_shield":1040,"minecraft:drop":63,"minecraft:play_time":134633,"minecraft:sneak_time":6926,"minecraft:walk_under_water_one_cm":30919,"minecraft:interact_with_lectern":5,"minecraft:boat_one_cm":30735,"minecraft:jump":3949,"minecraft:walk_on_water_one_cm":58482,"minecraft:total_world_time":134633,"minecraft:interact_with_furnace":50,"tombstone:raider_killed":3,"minecraft:sleep_in_bed":7,"minecraft:time_since_rest":22888,"minecraft:damage_taken":11353,"minecraft:trigger_trapped_chest":1,"minecraft:damage_dealt":11618,"minecraft:fly_one_cm":899220,"minecraft:swim_one_cm":113079,"minecraft:open_chest":6,"minecraft:crouch_one_cm":17732,"tombstone:undead_killed":28,"minecraft:fall_one_cm":105509},"minecraft:picked_up":{"minecraft:crafting_table":6,"minecraft:chicken":8,"minecraft:ladder":1,"minecraft:oak_stairs":1,"minecraft:string":4,"alexsmobs:emu_feather":2,"minecraft:cobbled_deepslate":37,"minecraft:oak_boat":4,"minecraft:iron_pickaxe":1,"minecraft:sugar_cane":7,"minecraft:furnace":5,"minecraft:raw_iron":89,"minecraft:stick":7,"twilightforest:moonworm_queen":1,"minecraft:oak_door":1,"tombstone:grave_dust":3,"minecraft:yellow_banner":1,"minecraft:rotten_flesh":21,"minecraft:arrow":7,"minecraft:hay_block":20,"tombstone:essence_of_undeath":1,"minecraft:obsidian":10,"minecraft:cobblestone":211,"minecraft:nautilus_shell":1,"minecraft:birch_log":7,"minecraft:feather":9,"minecraft:glow_ink_sac":1,"alexsmobs:cachalot_whale_tooth":1,"minecraft:tuff":3,"minecraft:oak_log":3,"minecraft:gunpowder":2,"minecraft:dirt":23,"minecraft:lantern":1,"minecraft:bone":5,"minecraft:bow":2,"minecraft:wheat_seeds":13,"alexsmobs:cockroach_wing_fragment":1,"minecraft:stone_pickaxe":1,"minecraft:iron_ingot":2,"minecraft:oak_planks":19,"twilightforest:moonworm":4,"minecraft:white_bed":2,"minecraft:spider_eye":2,"alexsmobs:animal_dictionary":1,"minecraft:bundle":3,"minecraft:diamond":19,"minecraft:bread":1,"alexsmobs:maggot":2,"minecraft:coal":113,"minecraft:ender_pearl":1}},"DataVersion":3465}