{"stats":{"minecraft:crafted":{"minecraft:crafting_table":2,"minecraft:stick":8,"minecraft:cooked_chicken":2,"minecraft:wooden_pickaxe":1,"minecraft:stone_pickaxe":1,"minecraft:furnace":1,"minecraft:birch_planks":28,"minecraft:stone_axe":1,"minecraft:air":0},"minecraft:used":{"minecraft:bread":13,"minecraft:oak_stairs":1,"minecraft:stone_pickaxe":38,"minecraft:oak_planks":19,"twilightforest:moonworm":1,"minecraft:wooden_pickaxe":14,"minecraft:cooked_chicken":2,"minecraft:stone_axe":11,"minecraft:dirt":2,"minecraft:crafting_table":2,"twilightforest:moonworm_queen":2,"minecraft:furnace":2,"alexsmobs:animal_dictionary":1,"minecraft:oak_boat":1},"minecraft:killed":{"minecraft:chicken":8},"minecraft:mined":{"minecraft:furnace":1,"minecraft:birch_log":7,"minecraft:grass":3,"minecraft:grass_block":3,"minecraft:coal_ore":21,"minecraft:dirt":6,"minecraft:stone":21,"minecraft:oak_planks":1},"minecraft:dropped":{"minecraft:wheat_seeds":2,"alexsmobs:animal_dictionary":1,"twilightforest:moonworm":2,"minecraft:ladder":1,"minecraft:lantern":1,"minecraft:wooden_pickaxe":1,"minecraft:nautilus_shell":1,"alexsmobs:cachalot_whale_tooth":1},"minecraft:custom":{"minecraft:time_since_rest":38633,"minecraft:interact_with_furnace":8,"minecraft:sprint_one_cm":83428,"minecraft:damage_taken":9308,"minecraft:walk_one_cm":102462,"minecraft:mob_kills":8,"minecraft:drop":10,"minecraft:damage_dealt":845,"minecraft:swim_one_cm":86636,"minecraft:interact_with_crafting_table":4,"minecraft:fly_one_cm":90585,"minecraft:open_barrel":30,"minecraft:crouch_one_cm":6741,"minecraft:play_time":38633,"minecraft:sneak_time":2661,"minecraft:walk_under_water_one_cm":25126,"minecraft:interact_with_lectern":3,"minecraft:boat_one_cm":27405,"minecraft:jump":528,"minecraft:walk_on_water_one_cm":27498,"minecraft:leave_game":1,"minecraft:time_since_death":38633,"minecraft:climb_one_cm":198,"minecraft:total_world_time":38633,"minecraft:fall_one_cm":10475},"minecraft:picked_up":{"minecraft:nautilus_shell":1,"minecraft:birch_log":7,"minecraft:chicken":8,"minecraft:feather":8,"twilightforest:moonworm_queen":1,"minecraft:ladder":1,"twilightforest:moonworm":3,"minecraft:oak_stairs":1,"alexsmobs:cachalot_whale_tooth":1,"minecraft:dirt":9,"alexsmobs:animal_dictionary":1,"minecraft:lantern":1,"minecraft:wheat_seeds":2,"minecraft:oak_boat":2,"minecraft:bread":1,"minecraft:oak_planks":19,"minecraft:coal":21,"minecraft:cobblestone":21,"minecraft:furnace":1}},"DataVersion":3465}