{"stats":{"minecraft:used":{"twilightforest:moonworm_queen":2,"minecraft:oak_stairs":1,"minecraft:bread":8,"minecraft:oak_planks":1,"twilightforest:moonworm":1,"alexsmobs:animal_dictionary":1},"minecraft:mined":{"minecraft:oak_planks":1},"minecraft:dropped":{"alexsmobs:animal_dictionary":1,"minecraft:nautilus_shell":1},"minecraft:custom":{"minecraft:open_barrel":29,"minecraft:time_since_rest":26633,"minecraft:crouch_one_cm":2931,"minecraft:play_time":26633,"minecraft:sprint_one_cm":59234,"minecraft:damage_taken":318,"minecraft:walk_one_cm":86726,"minecraft:sneak_time":1034,"minecraft:walk_under_water_one_cm":509,"minecraft:drop":2,"minecraft:interact_with_lectern":3,"minecraft:jump":358,"minecraft:damage_dealt":508,"minecraft:leave_game":1,"minecraft:time_since_death":26633,"minecraft:walk_on_water_one_cm":139,"minecraft:total_world_time":26633,"minecraft:climb_one_cm":161,"minecraft:swim_one_cm":658,"minecraft:fall_one_cm":8339,"minecraft:fly_one_cm":24363},"minecraft:picked_up":{"twilightforest:moonworm_queen":1,"twilightforest:moonworm":1,"minecraft:oak_stairs":1,"minecraft:bread":1,"minecraft:oak_planks":1,"alexsmobs:animal_dictionary":1,"minecraft:nautilus_shell":1}},"DataVersion":3465}