{"stats":{"minecraft:crafted":{"minecraft:oak_planks":12,"minecraft:crafting_table":3,"minecraft:wooden_pickaxe":1,"minecraft:cooked_chicken":4,"minecraft:furnace":2,"minecraft:birch_planks":28,"minecraft:stone_axe":1,"minecraft:air":0,"minecraft:iron_chestplate":1,"minecraft:diamond_pickaxe":1,"minecraft:shield":1,"minecraft:stick":12,"minecraft:iron_ingot":13,"minecraft:iron_pickaxe":1,"minecraft:stone_pickaxe":1},"minecraft:used":{"minecraft:stone_pickaxe":55,"minecraft:oak_planks":19,"minecraft:shield":1,"minecraft:wooden_pickaxe":14,"minecraft:cooked_chicken":4,"minecraft:iron_chestplate":1,"minecraft:dirt":5,"minecraft:crafting_table":5,"minecraft:oak_stairs":1,"minecraft:bread":23,"minecraft:iron_pickaxe":17,"twilightforest:moonworm":1,"minecraft:stone_axe":28,"twilightforest:moonworm_queen":5,"minecraft:furnace":5,"minecraft:oak_boat":1,"alexsmobs:animal_dictionary":1},"minecraft:killed":{"minecraft:witch":1,"minecraft:creeper":1,"minecraft:chicken":8},"minecraft:mined":{"minecraft:deepslate_diamond_ore":3,"minecraft:crafting_table":3,"minecraft:grass_block":3,"minecraft:tall_grass":1,"minecraft:oak_planks":1,"minecraft:sugar_cane":1,"minecraft:furnace":4,"minecraft:birch_log":7,"minecraft:iron_ore":8,"minecraft:grass":7,"minecraft:oak_log":3,"minecraft:coal_ore":21,"minecraft:deepslate_iron_ore":9,"minecraft:dirt":6,"minecraft:stone":27,"minecraft:deepslate":4},"minecraft:dropped":{"minecraft:wheat_seeds":4,"alexsmobs:animal_dictionary":1,"twilightforest:moonworm":2,"minecraft:raw_iron":2,"minecraft:lantern":1,"alexsmobs:cachalot_whale_tooth":1,"minecraft:ladder":1,"minecraft:stone_pickaxe":2,"minecraft:wooden_pickaxe":1,"minecraft:iron_pickaxe":2,"minecraft:nautilus_shell":1},"minecraft:custom":{"minecraft:interact_with_furnace":32,"minecraft:mob_kills":10,"tombstone:raider_killed":1,"minecraft:interact_with_crafting_table":10,"minecraft:open_barrel":30,"minecraft:leave_game":1,"minecraft:time_since_death":50633,"minecraft:climb_one_cm":198,"minecraft:time_since_rest":50633,"minecraft:sprint_one_cm":132558,"minecraft:damage_taken":9923,"minecraft:walk_one_cm":127283,"minecraft:damage_blocked_by_shield":150,"minecraft:drop":18,"minecraft:damage_dealt":1671,"minecraft:swim_one_cm":87642,"minecraft:fly_one_cm":150841,"minecraft:crouch_one_cm":9409,"minecraft:play_time":50633,"minecraft:sneak_time":3747,"minecraft:walk_under_water_one_cm":25663,"minecraft:boat_one_cm":27405,"minecraft:interact_with_lectern":3,"minecraft:jump":876,"minecraft:walk_on_water_one_cm":33330,"minecraft:total_world_time":50633,"minecraft:fall_one_cm":18736},"minecraft:picked_up":{"minecraft:nautilus_shell":1,"minecraft:birch_log":7,"minecraft:crafting_table":3,"minecraft:feather":8,"minecraft:chicken":8,"minecraft:ladder":1,"minecraft:oak_stairs":1,"alexsmobs:cachalot_whale_tooth":1,"minecraft:oak_log":3,"minecraft:gunpowder":2,"minecraft:dirt":9,"minecraft:lantern":1,"minecraft:wheat_seeds":5,"minecraft:cobbled_deepslate":4,"minecraft:stone_pickaxe":1,"minecraft:oak_boat":2,"minecraft:iron_pickaxe":1,"minecraft:sugar_cane":3,"minecraft:oak_planks":19,"minecraft:furnace":4,"minecraft:stick":2,"minecraft:raw_iron":21,"twilightforest:moonworm_queen":1,"twilightforest:moonworm":3,"alexsmobs:animal_dictionary":1,"minecraft:diamond":3,"minecraft:bread":1,"minecraft:coal":48,"minecraft:cobblestone":27}},"DataVersion":3465}