{"stats":{"minecraft:crafted":{"minecraft:oak_planks":12,"minecraft:diamond_sword":1,"minecraft:crafting_table":4,"minecraft:iron_helmet":1,"minecraft:wooden_pickaxe":1,"minecraft:cooked_chicken":4,"minecraft:furnace":2,"minecraft:bucket":1,"minecraft:birch_planks":28,"minecraft:stone_axe":1,"minecraft:bread":60,"minecraft:air":0,"minecraft:iron_boots":1,"minecraft:iron_chestplate":1,"minecraft:diamond_pickaxe":1,"minecraft:shield":2,"minecraft:stick":12,"minecraft:iron_ingot":54,"minecraft:iron_pickaxe":1,"minecraft:stone_pickaxe":1,"minecraft:iron_leggings":1,"minecraft:stone_hoe":1,"minecraft:diamond_chestplate":1,"minecraft:wheat":180},"minecraft:used":{"minecraft:water_bucket":11,"minecraft:stone_pickaxe":55,"minecraft:oak_planks":19,"minecraft:ender_pearl":1,"minecraft:shield":24,"minecraft:wooden_pickaxe":14,"minecraft:stone_hoe":23,"minecraft:cooked_chicken":4,"minecraft:iron_chestplate":1,"minecraft:dirt":15,"minecraft:crafting_table":10,"minecraft:tuff":1,"minecraft:diamond_pickaxe":378,"minecraft:oak_stairs":1,"minecraft:bread":56,"minecraft:iron_pickaxe":17,"twilightforest:moonworm":1,"minecraft:iron_helmet":1,"minecraft:stone_axe":73,"minecraft:diamond_sword":54,"minecraft:cobblestone":11,"twilightforest:moonworm_queen":15,"minecraft:furnace":7,"minecraft:bucket":12,"tombstone:gift":2,"minecraft:oak_boat":3,"alexsmobs:animal_dictionary":14,"minecraft:cobbled_deepslate":11},"minecraft:killed":{"minecraft:husk":2,"minecraft:witch":1,"minecraft:spider":11,"minecraft:creeper":3,"minecraft:skeleton":5,"alexsmobs:gelada_monkey":1,"minecraft:zombie":11,"minecraft:chicken":8,"minecraft:drowned":1,"minecraft:enderman":1},"minecraft:mined":{"minecraft:yellow_wall_banner":1,"minecraft:tuff":3,"minecraft:white_bed":1,"minecraft:deepslate_diamond_ore":20,"minecraft:obsidian":10,"minecraft:crafting_table":6,"minecraft:grass_block":6,"minecraft:cobblestone":2,"minecraft:tall_grass":25,"minecraft:oak_planks":2,"minecraft:sugar_cane":1,"minecraft:large_fern":1,"minecraft:hay_block":21,"minecraft:furnace":5,"minecraft:red_sandstone":7,"minecraft:birch_log":7,"minecraft:iron_ore":8,"minecraft:cobbled_deepslate":1,"minecraft:grass":50,"minecraft:oak_log":3,"minecraft:coal_ore":86,"minecraft:vine":1,"minecraft:deepslate_iron_ore":56,"minecraft:stripped_oak_log":2,"minecraft:dirt":12,"minecraft:stone":209,"minecraft:deepslate":36},"minecraft:dropped":{"minecraft:iron_ingot":14,"alexsmobs:maggot":1,"minecraft:wheat_seeds":12,"minecraft:glow_ink_sac":1,"alexsmobs:animal_dictionary":1,"minecraft:diamond":2,"twilightforest:moonworm":2,"minecraft:raw_iron":2,"minecraft:lantern":1,"alexsmobs:cachalot_whale_tooth":1,"alexsmobs:cockroach_wing_fragment":1,"minecraft:bundle":1,"minecraft:iron_chestplate":1,"minecraft:ladder":1,"minecraft:spider_eye":2,"minecraft:bow":1,"minecraft:stone_pickaxe":2,"minecraft:wooden_pickaxe":1,"minecraft:iron_pickaxe":2,"minecraft:nautilus_shell":1,"minecraft:oak_door":1},"minecraft:custom":{"minecraft:interact_with_furnace":49,"minecraft:mob_kills":44,"tombstone:raider_killed":1,"minecraft:interact_with_crafting_table":22,"minecraft:open_barrel":30,"minecraft:leave_game":1,"minecraft:sleep_in_bed":6,"minecraft:time_since_death":110633,"minecraft:climb_one_cm":1361,"minecraft:time_since_rest":179,"minecraft:sprint_one_cm":393370,"minecraft:damage_taken":10720,"minecraft:walk_one_cm":221215,"minecraft:damage_blocked_by_shield":1010,"minecraft:trigger_trapped_chest":1,"minecraft:drop":51,"minecraft:damage_dealt":8244,"minecraft:swim_one_cm":99542,"minecraft:fly_one_cm":543441,"minecraft:open_chest":5,"minecraft:crouch_one_cm":17583,"minecraft:play_time":110633,"tombstone:undead_killed":19,"minecraft:sneak_time":6672,"minecraft:walk_under_water_one_cm":27485,"minecraft:boat_one_cm":30735,"minecraft:interact_with_lectern":5,"minecraft:jump":2738,"minecraft:walk_on_water_one_cm":52243,"minecraft:total_world_time":110633,"minecraft:fall_one_cm":64424},"minecraft:picked_up":{"minecraft:nautilus_shell":1,"minecraft:birch_log":7,"minecraft:crafting_table":6,"minecraft:feather":8,"minecraft:chicken":8,"minecraft:ladder":1,"minecraft:glow_ink_sac":1,"minecraft:oak_stairs":1,"alexsmobs:cachalot_whale_tooth":1,"minecraft:tuff":3,"minecraft:oak_log":3,"minecraft:gunpowder":2,"minecraft:string":4,"minecraft:dirt":18,"minecraft:lantern":1,"minecraft:bone":4,"minecraft:bow":2,"minecraft:wheat_seeds":12,"minecraft:cobbled_deepslate":37,"alexsmobs:cockroach_wing_fragment":1,"minecraft:iron_ingot":2,"minecraft:stone_pickaxe":1,"minecraft:oak_boat":4,"minecraft:iron_pickaxe":1,"minecraft:sugar_cane":3,"minecraft:oak_planks":19,"minecraft:furnace":5,"minecraft:stick":2,"minecraft:raw_iron":89,"minecraft:oak_door":1,"twilightforest:moonworm_queen":1,"twilightforest:moonworm":4,"tombstone:grave_dust":1,"minecraft:white_bed":1,"minecraft:spider_eye":2,"alexsmobs:animal_dictionary":1,"minecraft:yellow_banner":1,"minecraft:arrow":6,"minecraft:bundle":2,"minecraft:rotten_flesh":14,"minecraft:diamond":19,"minecraft:hay_block":20,"minecraft:bread":1,"alexsmobs:maggot":2,"minecraft:obsidian":10,"minecraft:coal":113,"minecraft:cobblestone":211,"minecraft:ender_pearl":1}},"DataVersion":3465}