{"stats":{"minecraft:crafted":{"minecraft:oak_planks":12,"minecraft:crafting_table":4,"minecraft:wooden_pickaxe":1,"minecraft:cooked_chicken":4,"minecraft:furnace":2,"minecraft:birch_planks":28,"minecraft:stone_axe":1,"minecraft:air":0,"minecraft:iron_chestplate":1,"minecraft:diamond_pickaxe":1,"minecraft:shield":1,"minecraft:stick":12,"minecraft:iron_ingot":24,"minecraft:iron_pickaxe":1,"minecraft:stone_pickaxe":1,"minecraft:iron_leggings":1,"minecraft:diamond_chestplate":1},"minecraft:used":{"minecraft:stone_pickaxe":55,"minecraft:oak_planks":19,"minecraft:shield":13,"minecraft:wooden_pickaxe":14,"minecraft:cooked_chicken":4,"minecraft:iron_chestplate":1,"minecraft:dirt":5,"minecraft:crafting_table":7,"minecraft:tuff":1,"minecraft:diamond_pickaxe":71,"minecraft:oak_stairs":1,"minecraft:bread":31,"minecraft:iron_pickaxe":17,"twilightforest:moonworm":1,"minecraft:stone_axe":64,"twilightforest:moonworm_queen":11,"minecraft:furnace":6,"minecraft:oak_boat":2,"alexsmobs:animal_dictionary":1,"minecraft:cobbled_deepslate":8},"minecraft:killed":{"minecraft:witch":1,"minecraft:spider":7,"minecraft:creeper":3,"minecraft:skeleton":1,"minecraft:zombie":5,"minecraft:chicken":8},"minecraft:mined":{"minecraft:tuff":3,"minecraft:deepslate_diamond_ore":15,"minecraft:crafting_table":4,"minecraft:grass_block":3,"minecraft:tall_grass":1,"minecraft:oak_planks":1,"minecraft:sugar_cane":1,"minecraft:furnace":5,"minecraft:birch_log":7,"minecraft:iron_ore":8,"minecraft:grass":7,"minecraft:oak_log":3,"minecraft:coal_ore":21,"minecraft:vine":1,"minecraft:deepslate_iron_ore":56,"minecraft:stripped_oak_log":2,"minecraft:dirt":6,"minecraft:stone":27,"minecraft:deepslate":11},"minecraft:dropped":{"minecraft:wheat_seeds":4,"alexsmobs:animal_dictionary":1,"minecraft:diamond":2,"twilightforest:moonworm":2,"minecraft:raw_iron":2,"minecraft:lantern":1,"alexsmobs:cachalot_whale_tooth":1,"minecraft:iron_chestplate":1,"minecraft:ladder":1,"minecraft:stone_pickaxe":2,"minecraft:wooden_pickaxe":1,"minecraft:iron_pickaxe":2,"minecraft:nautilus_shell":1},"minecraft:custom":{"minecraft:interact_with_furnace":40,"minecraft:mob_kills":25,"tombstone:raider_killed":1,"minecraft:interact_with_crafting_table":13,"minecraft:open_barrel":30,"minecraft:leave_game":1,"minecraft:time_since_death":62633,"minecraft:climb_one_cm":520,"minecraft:time_since_rest":62633,"minecraft:sprint_one_cm":190741,"minecraft:damage_taken":10043,"minecraft:walk_one_cm":148414,"minecraft:damage_blocked_by_shield":580,"minecraft:drop":21,"minecraft:damage_dealt":4809,"minecraft:swim_one_cm":87642,"minecraft:fly_one_cm":241319,"minecraft:crouch_one_cm":13577,"minecraft:play_time":62633,"tombstone:undead_killed":6,"minecraft:sneak_time":5370,"minecraft:walk_under_water_one_cm":25663,"minecraft:boat_one_cm":27405,"minecraft:interact_with_lectern":3,"minecraft:jump":1389,"minecraft:walk_on_water_one_cm":34073,"minecraft:total_world_time":62633,"minecraft:fall_one_cm":31226},"minecraft:picked_up":{"minecraft:nautilus_shell":1,"minecraft:birch_log":7,"minecraft:crafting_table":4,"minecraft:feather":8,"minecraft:chicken":8,"minecraft:ladder":1,"minecraft:glow_ink_sac":1,"minecraft:oak_stairs":1,"alexsmobs:cachalot_whale_tooth":1,"minecraft:tuff":3,"minecraft:oak_log":3,"minecraft:gunpowder":2,"minecraft:string":2,"minecraft:dirt":9,"minecraft:lantern":1,"minecraft:bone":1,"minecraft:wheat_seeds":5,"minecraft:cobbled_deepslate":11,"alexsmobs:cockroach_wing_fragment":1,"minecraft:iron_ingot":2,"minecraft:stone_pickaxe":1,"minecraft:oak_boat":3,"minecraft:iron_pickaxe":1,"minecraft:sugar_cane":3,"minecraft:oak_planks":19,"minecraft:furnace":5,"minecraft:stick":2,"minecraft:raw_iron":89,"twilightforest:moonworm_queen":1,"twilightforest:moonworm":3,"tombstone:grave_dust":1,"minecraft:spider_eye":2,"alexsmobs:animal_dictionary":1,"minecraft:rotten_flesh":4,"minecraft:diamond":14,"minecraft:bread":1,"minecraft:coal":48,"minecraft:cobblestone":27}},"DataVersion":3465}