{"stats":{"minecraft:mined":{"alexscaves:spelunkery_table":1,"minecraft:tuff":3,"minecraft:yellow_wall_banner":1,"minecraft:white_bed":2,"minecraft:deepslate_diamond_ore":20,"minecraft:obsidian":14,"minecraft:acacia_log":4,"minecraft:grass_block":21,"minecraft:moss_block":1,"minecraft:large_fern":1,"minecraft:hay_block":36,"minecraft:packed_mud":9,"minecraft:furnace":5,"minecraft:red_sandstone":7,"minecraft:iron_ore":32,"minecraft:cobbled_deepslate":3,"minecraft:bookshelf":1,"minecraft:deepslate_iron_ore":56,"minecraft:vine":1,"minecraft:stripped_oak_log":2,"minecraft:stone":287,"minecraft:acacia_leaves":10,"minecraft:dandelion":5,"minecraft:crafting_table":9,"minecraft:dead_bush":1,"minecraft:tall_grass":27,"minecraft:cobblestone":23,"minecraft:sugar_cane":3,"minecraft:oak_planks":3,"minecraft:birch_log":7,"minecraft:grass":65,"minecraft:oak_log":4,"minecraft:coal_ore":163,"minecraft:dirt":20,"minecraft:cobweb":1,"minecraft:deepslate":36},"minecraft:killed":{"minecraft:cave_spider":1,"minecraft:witch":1,"minecraft:spider":14,"minecraft:skeleton":10,"minecraft:chicken":8,"alexsmobs:centipede_head":1,"minecraft:drowned":1,"alexsmobs:kangaroo":1,"minecraft:husk":4,"alexsmobs:guster":1,"minecraft:creeper":3,"alexsmobs:emu":3,"alexsmobs:gelada_monkey":1,"minecraft:pillager":2,"minecraft:zombie":24,"minecraft:enderman":1},"minecraft:picked_up":{"minecraft:crafting_table":9,"minecraft:chicken":8,"minecraft:ladder":1,"minecraft:oak_stairs":1,"minecraft:string":4,"alexsmobs:emu_feather":2,"minecraft:cobbled_deepslate":38,"minecraft:oak_boat":4,"minecraft:iron_pickaxe":1,"minecraft:sugar_cane":7,"minecraft:furnace":5,"minecraft:stick":7,"minecraft:raw_iron":113,"twilightforest:moonworm_queen":1,"minecraft:oak_door":1,"minecraft:acacia_log":4,"tombstone:grave_dust":3,"minecraft:yellow_banner":1,"minecraft:rotten_flesh":22,"minecraft:arrow":15,"minecraft:hay_block":35,"alexscaves:spelunkery_table":1,"tombstone:essence_of_undeath":1,"minecraft:obsidian":14,"minecraft:cobblestone":304,"minecraft:nautilus_shell":1,"minecraft:birch_log":7,"minecraft:feather":9,"minecraft:glow_ink_sac":1,"minecraft:packed_mud":9,"alexsmobs:cachalot_whale_tooth":1,"minecraft:tuff":3,"minecraft:oak_log":4,"minecraft:gunpowder":2,"minecraft:dirt":46,"minecraft:lantern":1,"minecraft:bone":10,"minecraft:bow":2,"minecraft:wheat_seeds":17,"alexsmobs:cockroach_wing_fragment":1,"minecraft:stone_pickaxe":1,"minecraft:iron_ingot":2,"minecraft:moss_block":1,"minecraft:acacia_sapling":2,"minecraft:oak_planks":20,"minecraft:book":3,"twilightforest:moonworm":4,"minecraft:dandelion":5,"minecraft:white_bed":2,"alexsmobs:animal_dictionary":1,"minecraft:spider_eye":2,"minecraft:bundle":3,"minecraft:diamond":19,"minecraft:bread":1,"alexsmobs:maggot":2,"tombstone:magic_scroll":1,"minecraft:coal":190,"minecraft:ender_pearl":1},"minecraft:custom":{"minecraft:mob_kills":76,"minecraft:interact_with_crafting_table":28,"minecraft:open_barrel":32,"minecraft:leave_game":2,"minecraft:time_since_death":174831,"minecraft:climb_one_cm":1643,"minecraft:sprint_one_cm":669629,"minecraft:walk_one_cm":320064,"minecraft:damage_blocked_by_shield":1475,"minecraft:drop":70,"minecraft:play_time":174831,"minecraft:sneak_time":10502,"minecraft:walk_under_water_one_cm":33669,"minecraft:boat_one_cm":30735,"minecraft:interact_with_lectern":5,"minecraft:jump":4969,"minecraft:interact_with_blast_furnace":1,"minecraft:walk_on_water_one_cm":74123,"minecraft:total_world_time":174831,"minecraft:interact_with_furnace":51,"tombstone:raider_killed":3,"minecraft:interact_with_loom":1,"minecraft:sleep_in_bed":7,"minecraft:time_since_rest":63086,"minecraft:damage_taken":11701,"minecraft:trigger_trapped_chest":1,"minecraft:damage_dealt":14420,"minecraft:swim_one_cm":130193,"minecraft:fly_one_cm":1134619,"minecraft:open_chest":6,"minecraft:crouch_one_cm":26878,"tombstone:undead_killed":39,"minecraft:fall_one_cm":135600},"minecraft:dropped":{"minecraft:iron_ingot":14,"minecraft:bread":12,"minecraft:moss_block":1,"minecraft:wheat_seeds":13,"minecraft:glow_ink_sac":1,"minecraft:diamond":2,"twilightforest:moonworm":2,"minecraft:lantern":1,"minecraft:iron_pickaxe":2,"minecraft:oak_door":1,"alexsmobs:maggot":1,"alexsmobs:animal_dictionary":1,"minecraft:raw_iron":2,"minecraft:rotten_flesh":8,"alexsmobs:cachalot_whale_tooth":1,"alexsmobs:cockroach_wing_fragment":1,"minecraft:bundle":1,"minecraft:iron_chestplate":1,"minecraft:ladder":1,"minecraft:spider_eye":2,"minecraft:arrow":4,"minecraft:bow":1,"minecraft:wooden_pickaxe":1,"minecraft:stone_pickaxe":2,"minecraft:nautilus_shell":1},"minecraft:crafted":{"minecraft:oak_planks":12,"minecraft:cooked_chicken":4,"minecraft:furnace":3,"minecraft:iron_boots":1,"minecraft:stone_pickaxe":1,"minecraft:stone_hoe":1,"minecraft:wheat":315,"minecraft:diamond_sword":1,"minecraft:crafting_table":6,"minecraft:wooden_pickaxe":1,"minecraft:iron_helmet":1,"minecraft:bucket":1,"minecraft:birch_planks":28,"minecraft:stone_axe":2,"minecraft:bread":112,"minecraft:air":0,"minecraft:iron_chestplate":1,"minecraft:diamond_pickaxe":1,"minecraft:shield":2,"minecraft:stick":12,"minecraft:iron_ingot":54,"minecraft:iron_pickaxe":1,"minecraft:acacia_door":3,"minecraft:iron_leggings":1,"minecraft:acacia_planks":16,"minecraft:diamond_chestplate":1},"minecraft:broken":{"minecraft:stone_axe":1},"minecraft:used":{"minecraft:shield":39,"minecraft:stone_hoe":41,"minecraft:cooked_chicken":4,"minecraft:iron_chestplate":1,"minecraft:dirt":15,"minecraft:tuff":1,"minecraft:oak_stairs":1,"twilightforest:moonworm":1,"minecraft:iron_helmet":1,"minecraft:bow":9,"twilightforest:moonworm_queen":30,"minecraft:goat_horn":23,"minecraft:furnace":8,"tombstone:gift":2,"minecraft:cobbled_deepslate":29,"minecraft:water_bucket":16,"minecraft:stone_pickaxe":55,"minecraft:oak_planks":19,"minecraft:ender_pearl":1,"minecraft:wooden_pickaxe":14,"minecraft:crafting_table":14,"minecraft:white_bed":2,"minecraft:diamond_pickaxe":605,"minecraft:acacia_door":2,"minecraft:bread":93,"minecraft:iron_pickaxe":17,"tombstone:magic_scroll":1,"minecraft:stone_axe":96,"minecraft:diamond_sword":151,"minecraft:cobblestone":151,"minecraft:bucket":17,"minecraft:oak_boat":3,"alexsmobs:animal_dictionary":36}},"DataVersion":3465}