{"stats":{"minecraft:used":{"minecraft:oak_stairs":1,"minecraft:bread":2,"minecraft:oak_planks":1,"alexsmobs:animal_dictionary":1},"minecraft:mined":{"minecraft:oak_planks":1},"minecraft:custom":{"minecraft:open_barrel":23,"minecraft:time_since_rest":14633,"minecraft:crouch_one_cm":551,"minecraft:play_time":14633,"minecraft:sprint_one_cm":33890,"minecraft:damage_taken":121,"minecraft:walk_one_cm":44914,"minecraft:sneak_time":207,"minecraft:walk_under_water_one_cm":509,"minecraft:interact_with_lectern":2,"minecraft:jump":190,"minecraft:damage_dealt":160,"minecraft:leave_game":1,"minecraft:time_since_death":14633,"minecraft:walk_on_water_one_cm":139,"minecraft:total_world_time":14633,"minecraft:climb_one_cm":161,"minecraft:swim_one_cm":658,"minecraft:fall_one_cm":3920,"minecraft:fly_one_cm":15122},"minecraft:picked_up":{"minecraft:oak_stairs":1,"minecraft:oak_planks":1}},"DataVersion":3465}