{"stats":{"minecraft:mined":{"minecraft:tuff":3,"minecraft:yellow_wall_banner":1,"minecraft:white_bed":2,"minecraft:deepslate_diamond_ore":20,"minecraft:obsidian":14,"minecraft:acacia_log":2,"minecraft:grass_block":6,"minecraft:moss_block":1,"minecraft:large_fern":1,"minecraft:hay_block":21,"minecraft:furnace":5,"minecraft:red_sandstone":7,"minecraft:iron_ore":8,"minecraft:cobbled_deepslate":3,"minecraft:deepslate_iron_ore":56,"minecraft:vine":1,"minecraft:stripped_oak_log":2,"minecraft:stone":210,"minecraft:acacia_leaves":5,"minecraft:crafting_table":8,"minecraft:dead_bush":1,"minecraft:tall_grass":27,"minecraft:cobblestone":2,"minecraft:sugar_cane":3,"minecraft:oak_planks":2,"minecraft:birch_log":7,"minecraft:grass":52,"minecraft:oak_log":3,"minecraft:coal_ore":86,"minecraft:dirt":12,"minecraft:deepslate":36},"minecraft:killed":{"minecraft:witch":1,"minecraft:spider":12,"minecraft:skeleton":5,"minecraft:chicken":8,"minecraft:drowned":1,"alexsmobs:kangaroo":1,"minecraft:husk":4,"alexsmobs:guster":1,"minecraft:creeper":3,"alexsmobs:emu":3,"alexsmobs:gelada_monkey":1,"minecraft:pillager":2,"minecraft:zombie":20,"minecraft:enderman":1},"minecraft:picked_up":{"minecraft:crafting_table":8,"minecraft:chicken":8,"minecraft:ladder":1,"minecraft:oak_stairs":1,"minecraft:string":4,"alexsmobs:emu_feather":2,"minecraft:cobbled_deepslate":38,"minecraft:oak_boat":4,"minecraft:iron_pickaxe":1,"minecraft:sugar_cane":7,"minecraft:furnace":5,"minecraft:stick":7,"minecraft:raw_iron":89,"twilightforest:moonworm_queen":1,"minecraft:oak_door":1,"minecraft:acacia_log":2,"tombstone:grave_dust":3,"minecraft:yellow_banner":1,"minecraft:rotten_flesh":22,"minecraft:arrow":7,"minecraft:hay_block":20,"tombstone:essence_of_undeath":1,"minecraft:obsidian":14,"minecraft:cobblestone":212,"minecraft:nautilus_shell":1,"minecraft:birch_log":7,"minecraft:feather":9,"minecraft:glow_ink_sac":1,"alexsmobs:cachalot_whale_tooth":1,"minecraft:tuff":3,"minecraft:oak_log":3,"minecraft:gunpowder":2,"minecraft:dirt":23,"minecraft:lantern":1,"minecraft:bone":5,"minecraft:bow":2,"minecraft:wheat_seeds":13,"alexsmobs:cockroach_wing_fragment":1,"minecraft:stone_pickaxe":1,"minecraft:iron_ingot":2,"minecraft:moss_block":1,"minecraft:acacia_sapling":1,"minecraft:oak_planks":19,"twilightforest:moonworm":4,"minecraft:white_bed":2,"alexsmobs:animal_dictionary":1,"minecraft:spider_eye":2,"minecraft:bundle":3,"minecraft:diamond":19,"minecraft:bread":1,"alexsmobs:maggot":2,"tombstone:magic_scroll":1,"minecraft:coal":113,"minecraft:ender_pearl":1},"minecraft:custom":{"minecraft:mob_kills":63,"minecraft:interact_with_crafting_table":25,"minecraft:open_barrel":30,"minecraft:leave_game":2,"minecraft:time_since_death":150831,"minecraft:climb_one_cm":1361,"minecraft:sprint_one_cm":586381,"minecraft:walk_one_cm":278877,"minecraft:damage_blocked_by_shield":1040,"minecraft:drop":69,"minecraft:play_time":150831,"minecraft:sneak_time":7489,"minecraft:walk_under_water_one_cm":31088,"minecraft:boat_one_cm":30735,"minecraft:interact_with_lectern":5,"minecraft:jump":4350,"minecraft:walk_on_water_one_cm":68099,"minecraft:total_world_time":150831,"minecraft:interact_with_furnace":50,"tombstone:raider_killed":3,"minecraft:sleep_in_bed":7,"minecraft:time_since_rest":39086,"minecraft:damage_taken":11439,"minecraft:trigger_trapped_chest":1,"minecraft:damage_dealt":12003,"minecraft:swim_one_cm":117855,"minecraft:fly_one_cm":999771,"minecraft:open_chest":6,"minecraft:crouch_one_cm":19584,"tombstone:undead_killed":30,"minecraft:fall_one_cm":117892},"minecraft:dropped":{"minecraft:iron_ingot":14,"minecraft:bread":12,"minecraft:moss_block":1,"minecraft:wheat_seeds":13,"minecraft:glow_ink_sac":1,"minecraft:diamond":2,"twilightforest:moonworm":2,"minecraft:lantern":1,"minecraft:iron_pickaxe":2,"minecraft:oak_door":1,"alexsmobs:maggot":1,"alexsmobs:animal_dictionary":1,"minecraft:raw_iron":2,"alexsmobs:cachalot_whale_tooth":1,"alexsmobs:cockroach_wing_fragment":1,"minecraft:bundle":1,"minecraft:iron_chestplate":1,"minecraft:ladder":1,"minecraft:spider_eye":2,"minecraft:arrow":4,"minecraft:bow":1,"minecraft:wooden_pickaxe":1,"minecraft:stone_pickaxe":2,"minecraft:nautilus_shell":1},"minecraft:crafted":{"minecraft:oak_planks":12,"minecraft:cooked_chicken":4,"minecraft:furnace":2,"minecraft:iron_boots":1,"minecraft:stone_pickaxe":1,"minecraft:stone_hoe":1,"minecraft:wheat":180,"minecraft:diamond_sword":1,"minecraft:crafting_table":5,"minecraft:wooden_pickaxe":1,"minecraft:iron_helmet":1,"minecraft:bucket":1,"minecraft:birch_planks":28,"minecraft:stone_axe":2,"minecraft:bread":67,"minecraft:air":0,"minecraft:iron_chestplate":1,"minecraft:diamond_pickaxe":1,"minecraft:shield":2,"minecraft:stick":12,"minecraft:iron_ingot":54,"minecraft:iron_pickaxe":1,"minecraft:iron_leggings":1,"minecraft:acacia_planks":8,"minecraft:diamond_chestplate":1},"minecraft:broken":{"minecraft:stone_axe":1},"minecraft:used":{"minecraft:shield":25,"minecraft:stone_hoe":23,"minecraft:cooked_chicken":4,"minecraft:iron_chestplate":1,"minecraft:dirt":15,"minecraft:tuff":1,"minecraft:oak_stairs":1,"twilightforest:moonworm":1,"minecraft:iron_helmet":1,"minecraft:bow":5,"twilightforest:moonworm_queen":22,"minecraft:goat_horn":23,"minecraft:furnace":7,"tombstone:gift":2,"minecraft:cobbled_deepslate":29,"minecraft:water_bucket":16,"minecraft:stone_pickaxe":55,"minecraft:oak_planks":19,"minecraft:ender_pearl":1,"minecraft:wooden_pickaxe":14,"minecraft:crafting_table":12,"minecraft:white_bed":1,"minecraft:diamond_pickaxe":386,"minecraft:bread":82,"minecraft:iron_pickaxe":17,"tombstone:magic_scroll":1,"minecraft:stone_axe":78,"minecraft:diamond_sword":116,"minecraft:cobblestone":42,"minecraft:bucket":17,"minecraft:oak_boat":3,"alexsmobs:animal_dictionary":36}},"DataVersion":3465}