{"stats":{"minecraft:crafted":{"minecraft:oak_planks":4,"minecraft:cooked_porkchop":3,"minecraft:cooked_chicken":3,"minecraft:stone_axe":1,"minecraft:air":0,"minecraft:stick":4,"minecraft:stone_pickaxe":1},"minecraft:used":{"minecraft:netherite_sword":8,"minecraft:writable_book":1,"minecraft:flint_and_steel":1,"minecraft:stone_pickaxe":36,"minecraft:ladder":16,"minecraft:oak_planks":183,"minecraft:oak_sign":1,"minecraft:wooden_pickaxe":4,"minecraft:ender_chest":1,"minecraft:sandstone":4,"minecraft:cooked_chicken":3,"minecraft:torch":5,"minecraft:dirt":5,"minecraft:anvil":1,"minecraft:tnt":4,"minecraft:white_bed":1,"alexscaves:limestone":62,"minecraft:lantern":7,"minecraft:oak_stairs":17,"minecraft:bread":15,"twilightforest:moonworm":5,"minecraft:lectern":3,"minecraft:barrel":6,"twilightforest:canopy_door":2,"minecraft:stone_axe":26,"minecraft:cobblestone":6,"minecraft:written_book":4,"twilightforest:moonworm_queen":6,"minecraft:cooked_porkchop":2,"minecraft:oak_boat":4,"alexsmobs:animal_dictionary":1,"minecraft:oak_hanging_sign":2},"minecraft:killed":{"minecraft:pig":1,"minecraft:spider":4,"minecraft:creeper":3,"minecraft:sheep":4,"minecraft:skeleton":6,"minecraft:zombie":2,"minecraft:bee":3,"minecraft:chicken":4,"minecraft:drowned":1,"alexscaves:grottoceratops":1,"minecraft:enderman":1},"minecraft:mined":{"minecraft:tuff":1,"minecraft:tall_grass":25,"twilightforest:moonworm":1,"minecraft:iron_ore":1,"minecraft:deepslate_lapis_ore":1,"minecraft:grass":7,"minecraft:oak_log":12,"minecraft:deepslate_iron_ore":13,"minecraft:dirt":1,"minecraft:stone":21,"minecraft:deepslate":2},"minecraft:dropped":{"alexsmobs:animal_dictionary":1,"minecraft:cooked_porkchop":1,"tombstone:magic_scroll":1,"twilightforest:moonworm_queen":3,"minecraft:written_book":1},"minecraft:custom":{"minecraft:interact_with_furnace":11,"minecraft:mob_kills":30,"minecraft:interact_with_anvil":1,"minecraft:interact_with_crafting_table":4,"minecraft:open_barrel":30,"minecraft:leave_game":5,"minecraft:time_since_death":64993,"minecraft:sleep_in_bed":1,"minecraft:climb_one_cm":1274,"minecraft:time_since_rest":62990,"minecraft:sprint_one_cm":116887,"minecraft:open_enderchest":1,"minecraft:damage_taken":1205,"minecraft:walk_one_cm":174189,"minecraft:drop":7,"minecraft:damage_dealt":2449,"minecraft:swim_one_cm":8062,"minecraft:fly_one_cm":630152,"minecraft:crouch_one_cm":1398,"minecraft:play_time":94236,"tombstone:undead_killed":7,"minecraft:deaths":1,"minecraft:sneak_time":2085,"minecraft:walk_under_water_one_cm":36689,"minecraft:interact_with_lectern":9,"minecraft:boat_one_cm":32724,"minecraft:jump":875,"minecraft:walk_on_water_one_cm":27631,"minecraft:total_world_time":94236,"minecraft:fall_one_cm":26711},"minecraft:picked_up":{"minecraft:ladder":10,"minecraft:wooden_pickaxe":1,"minecraft:tuff":1,"minecraft:oak_log":12,"minecraft:lapis_lazuli":9,"minecraft:string":4,"minecraft:dirt":1,"minecraft:moss_carpet":15,"minecraft:lantern":2,"minecraft:bone":8,"alexscaves:dinosaur_chop":1,"twilightforest:canopy_door":1,"minecraft:oak_sign":1,"minecraft:wheat_seeds":3,"minecraft:cobbled_deepslate":2,"minecraft:oak_boat":1,"minecraft:written_book":3,"alexscaves:curly_fern":1,"minecraft:oak_planks":39,"minecraft:raw_iron":14,"twilightforest:moonworm":5,"minecraft:porkchop":3,"tombstone:grave_dust":2,"alexsmobs:animal_dictionary":1,"minecraft:arrow":2,"minecraft:rotten_flesh":2,"tombstone:magic_scroll":1,"minecraft:cobblestone":21}},"DataVersion":3465}