{"stats":{"minecraft:killed":{"minecraft:bee":3,"minecraft:sheep":4,"minecraft:skeleton":2,"minecraft:spider":1,"minecraft:creeper":3,"minecraft:chicken":4,"minecraft:enderman":1},"minecraft:custom":{"minecraft:jump":37,"minecraft:time_since_rest":5081,"minecraft:leave_game":2,"minecraft:play_time":5081,"minecraft:sprint_one_cm":3347,"minecraft:damage_taken":35,"minecraft:time_since_death":5081,"minecraft:walk_one_cm":1115,"minecraft:total_world_time":5081,"minecraft:mob_kills":18,"minecraft:fall_one_cm":335,"minecraft:fly_one_cm":77451},"minecraft:used":{"minecraft:flint_and_steel":1,"minecraft:tnt":4}},"DataVersion":3465}