{"stats":{"minecraft:killed":{"minecraft:sheep":4,"minecraft:skeleton":2,"minecraft:spider":1,"minecraft:bee":3,"alexscaves:grottoceratops":1,"minecraft:chicken":4,"minecraft:creeper":3,"minecraft:enderman":1},"minecraft:custom":{"minecraft:time_since_rest":11834,"minecraft:sprint_one_cm":5441,"minecraft:play_time":11834,"minecraft:walk_one_cm":2707,"minecraft:damage_taken":35,"minecraft:sneak_time":259,"minecraft:walk_under_water_one_cm":842,"minecraft:mob_kills":19,"minecraft:jump":75,"minecraft:damage_dealt":519,"minecraft:leave_game":2,"minecraft:walk_on_water_one_cm":270,"minecraft:time_since_death":11834,"minecraft:total_world_time":11834,"minecraft:fall_one_cm":335,"minecraft:fly_one_cm":248745},"minecraft:picked_up":{"alexscaves:dinosaur_chop":1,"alexscaves:curly_fern":1},"minecraft:used":{"minecraft:netherite_sword":8,"minecraft:dirt":5,"minecraft:flint_and_steel":1,"minecraft:tnt":4,"alexscaves:limestone":62,"minecraft:sandstone":4}},"DataVersion":3465}