{"stats":{"minecraft:crafted":{"minecraft:oak_planks":48,"minecraft:cooked_chicken":3,"minecraft:furnace":1,"minecraft:cooked_mutton":2,"minecraft:iron_boots":1,"minecraft:stone_pickaxe":1,"minecraft:cooked_porkchop":13,"minecraft:crafting_table":1,"minecraft:iron_helmet":1,"minecraft:iron_sword":1,"minecraft:bucket":1,"minecraft:stone_axe":1,"minecraft:air":0,"minecraft:iron_chestplate":1,"minecraft:shield":1,"minecraft:stick":8,"minecraft:iron_ingot":21,"minecraft:iron_pickaxe":1,"minecraft:iron_leggings":1},"minecraft:used":{"minecraft:netherite_sword":8,"minecraft:writable_book":1,"minecraft:flint_and_steel":1,"minecraft:ladder":16,"minecraft:oak_sign":1,"minecraft:shield":3,"minecraft:ender_chest":1,"minecraft:iron_sword":125,"minecraft:cooked_chicken":3,"minecraft:iron_chestplate":1,"minecraft:torch":5,"minecraft:dirt":5,"minecraft:anvil":1,"alexscaves:limestone":62,"minecraft:tuff":2,"minecraft:lantern":9,"minecraft:oak_stairs":17,"twilightforest:moonworm":7,"minecraft:iron_helmet":1,"minecraft:iron_boots":1,"twilightforest:canopy_door":2,"minecraft:barrel":6,"minecraft:smooth_basalt":4,"minecraft:written_book":4,"twilightforest:moonworm_queen":24,"minecraft:furnace":3,"tombstone:gift":1,"minecraft:cobbled_deepslate":3,"minecraft:iron_leggings":1,"minecraft:cooked_mutton":3,"minecraft:water_bucket":9,"minecraft:stone_pickaxe":54,"minecraft:oak_planks":197,"minecraft:wooden_pickaxe":4,"minecraft:sandstone":4,"minecraft:tnt":4,"minecraft:crafting_table":2,"minecraft:white_bed":1,"minecraft:bread":25,"minecraft:iron_pickaxe":45,"alexsmobs:kangaroo_meat":1,"minecraft:lectern":3,"minecraft:stone_axe":48,"minecraft:cobblestone":26,"minecraft:cooked_porkchop":12,"minecraft:bucket":9,"minecraft:yellow_bed":1,"alexsmobs:animal_dictionary":1,"minecraft:oak_boat":5,"minecraft:oak_hanging_sign":2},"minecraft:killed":{"minecraft:spider":7,"minecraft:skeleton":7,"minecraft:bee":3,"minecraft:chicken":6,"minecraft:drowned":1,"alexsmobs:kangaroo":2,"minecraft:pig":6,"minecraft:creeper":4,"alexsmobs:emu":1,"minecraft:sheep":10,"alexsmobs:gelada_monkey":2,"minecraft:zombie":10,"alexsmobs:crow":1,"alexscaves:grottoceratops":1,"minecraft:enderman":1},"minecraft:mined":{"minecraft:tuff":2,"minecraft:deepslate_diamond_ore":1,"minecraft:black_terracotta":1,"minecraft:grass_block":4,"minecraft:large_fern":1,"minecraft:furnace":3,"minecraft:carrots":1,"minecraft:iron_ore":1,"minecraft:red_sandstone":1,"minecraft:deepslate_lapis_ore":1,"minecraft:potatoes":2,"minecraft:deepslate_iron_ore":18,"minecraft:stone":47,"minecraft:crafting_table":1,"minecraft:calcite":5,"minecraft:tall_grass":60,"minecraft:cobblestone":3,"minecraft:amethyst_block":9,"twilightforest:moonworm":2,"minecraft:yellow_bed":1,"minecraft:grass":43,"minecraft:coal_ore":1,"minecraft:oak_log":12,"minecraft:dirt":1,"minecraft:smooth_basalt":4,"minecraft:deepslate":4},"minecraft:dropped":{"minecraft:bread":3,"minecraft:wheat_seeds":6,"minecraft:cooked_porkchop":1,"tombstone:magic_scroll":1,"twilightforest:moonworm_queen":3,"alexsmobs:animal_dictionary":1,"minecraft:oak_planks":19,"minecraft:calcite":5,"minecraft:written_book":1},"minecraft:custom":{"minecraft:mob_kills":62,"minecraft:interact_with_anvil":1,"minecraft:interact_with_crafting_table":16,"minecraft:open_barrel":30,"minecraft:leave_game":6,"minecraft:time_since_death":109057,"minecraft:climb_one_cm":1274,"minecraft:sprint_one_cm":303802,"minecraft:walk_one_cm":258620,"minecraft:damage_blocked_by_shield":140,"minecraft:drop":13,"minecraft:play_time":138300,"minecraft:deaths":1,"minecraft:sneak_time":2352,"minecraft:walk_under_water_one_cm":50697,"minecraft:interact_with_lectern":9,"minecraft:boat_one_cm":40047,"minecraft:jump":2397,"minecraft:walk_on_water_one_cm":37302,"minecraft:total_world_time":138300,"minecraft:interact_with_furnace":41,"minecraft:sleep_in_bed":2,"minecraft:time_since_rest":18636,"minecraft:open_enderchest":1,"minecraft:damage_taken":2627,"minecraft:damage_dealt":8307,"minecraft:swim_one_cm":27040,"minecraft:fly_one_cm":968215,"minecraft:crouch_one_cm":2042,"tombstone:undead_killed":16,"minecraft:fall_one_cm":73871},"minecraft:picked_up":{"minecraft:crafting_table":1,"minecraft:chicken":2,"minecraft:ladder":10,"minecraft:wooden_pickaxe":1,"minecraft:amethyst_block":8,"minecraft:string":5,"minecraft:moss_carpet":15,"alexscaves:dinosaur_chop":1,"minecraft:oak_sign":1,"minecraft:cobbled_deepslate":3,"minecraft:oak_boat":1,"minecraft:written_book":3,"minecraft:calcite":5,"minecraft:furnace":3,"minecraft:egg":1,"minecraft:raw_iron":19,"minecraft:porkchop":13,"tombstone:grave_dust":3,"minecraft:carrot":3,"minecraft:arrow":3,"minecraft:rotten_flesh":7,"minecraft:mutton":17,"alexsmobs:kangaroo_meat":1,"minecraft:white_wool":6,"minecraft:cobblestone":49,"minecraft:potato":5,"minecraft:tuff":2,"minecraft:oak_log":12,"minecraft:yellow_bed":1,"minecraft:lapis_lazuli":9,"minecraft:dirt":5,"minecraft:lantern":2,"minecraft:cooked_mutton":3,"minecraft:bone":10,"twilightforest:canopy_door":1,"minecraft:wheat_seeds":6,"minecraft:iron_ingot":14,"alexscaves:curly_fern":1,"minecraft:oak_planks":40,"minecraft:smooth_basalt":4,"minecraft:black_terracotta":1,"twilightforest:moonworm":8,"alexsmobs:animal_dictionary":1,"minecraft:diamond":1,"tombstone:magic_scroll":1,"minecraft:coal":13}},"DataVersion":3465}