{"stats":{"minecraft:used":{"minecraft:netherite_sword":8,"minecraft:writable_book":1,"minecraft:flint_and_steel":1,"minecraft:lantern":7,"minecraft:oak_planks":144,"minecraft:ladder":16,"minecraft:oak_sign":1,"minecraft:lectern":3,"minecraft:sandstone":4,"minecraft:ender_chest":1,"twilightforest:canopy_door":1,"minecraft:barrel":6,"minecraft:torch":5,"minecraft:dirt":5,"minecraft:anvil":1,"minecraft:written_book":3,"minecraft:tnt":4,"twilightforest:moonworm_queen":1,"minecraft:white_bed":1,"minecraft:oak_boat":4,"alexscaves:limestone":62,"minecraft:oak_hanging_sign":2},"minecraft:killed":{"minecraft:sheep":4,"minecraft:skeleton":2,"minecraft:bee":3,"minecraft:chicken":4,"minecraft:spider":1,"alexscaves:grottoceratops":1,"minecraft:creeper":3,"minecraft:enderman":1},"minecraft:dropped":{"minecraft:written_book":1},"minecraft:custom":{"minecraft:time_since_rest":14990,"minecraft:sprint_one_cm":8610,"minecraft:open_enderchest":1,"minecraft:damage_taken":55,"minecraft:walk_one_cm":42863,"minecraft:interact_with_anvil":1,"minecraft:mob_kills":19,"minecraft:drop":1,"minecraft:damage_dealt":529,"minecraft:fly_one_cm":500907,"minecraft:open_barrel":20,"minecraft:crouch_one_cm":159,"minecraft:play_time":46236,"minecraft:deaths":1,"minecraft:sneak_time":1513,"minecraft:walk_under_water_one_cm":23007,"minecraft:interact_with_lectern":7,"minecraft:jump":141,"minecraft:sleep_in_bed":1,"minecraft:walk_on_water_one_cm":15636,"minecraft:leave_game":5,"minecraft:time_since_death":16993,"minecraft:climb_one_cm":100,"minecraft:total_world_time":46236,"minecraft:fall_one_cm":819},"minecraft:picked_up":{"minecraft:ladder":2,"minecraft:moss_carpet":15,"alexscaves:dinosaur_chop":1,"minecraft:written_book":3,"alexscaves:curly_fern":1}},"DataVersion":3465}