{"stats":{"minecraft:crafted":{"minecraft:oak_planks":48,"minecraft:cooked_porkchop":3,"minecraft:crafting_table":1,"minecraft:iron_helmet":1,"minecraft:cooked_chicken":3,"minecraft:iron_sword":1,"minecraft:furnace":1,"minecraft:bucket":1,"minecraft:stone_axe":1,"minecraft:air":0,"minecraft:iron_boots":1,"minecraft:iron_chestplate":1,"minecraft:shield":1,"minecraft:stick":8,"minecraft:iron_ingot":21,"minecraft:iron_pickaxe":1,"minecraft:stone_pickaxe":1,"minecraft:iron_leggings":1},"minecraft:used":{"minecraft:netherite_sword":8,"minecraft:writable_book":1,"minecraft:flint_and_steel":1,"minecraft:ladder":16,"minecraft:stone_pickaxe":54,"minecraft:oak_planks":183,"minecraft:oak_sign":1,"minecraft:wooden_pickaxe":4,"minecraft:shield":2,"minecraft:sandstone":4,"minecraft:ender_chest":1,"minecraft:iron_sword":27,"minecraft:cooked_chicken":3,"minecraft:iron_chestplate":1,"minecraft:torch":5,"minecraft:dirt":5,"minecraft:anvil":1,"minecraft:tnt":4,"minecraft:crafting_table":1,"minecraft:white_bed":1,"alexscaves:limestone":62,"minecraft:tuff":2,"minecraft:lantern":9,"minecraft:oak_stairs":17,"minecraft:bread":25,"minecraft:iron_pickaxe":39,"twilightforest:moonworm":7,"minecraft:lectern":3,"minecraft:iron_helmet":1,"minecraft:iron_boots":1,"minecraft:barrel":6,"twilightforest:canopy_door":2,"minecraft:smooth_basalt":4,"minecraft:stone_axe":48,"minecraft:cobblestone":26,"twilightforest:moonworm_queen":23,"minecraft:written_book":4,"minecraft:furnace":1,"minecraft:cooked_porkchop":2,"minecraft:bucket":1,"tombstone:gift":1,"minecraft:oak_boat":4,"alexsmobs:animal_dictionary":1,"minecraft:cobbled_deepslate":3,"minecraft:oak_hanging_sign":2,"minecraft:iron_leggings":1},"minecraft:killed":{"minecraft:pig":1,"minecraft:spider":7,"minecraft:creeper":3,"minecraft:sheep":4,"minecraft:skeleton":6,"minecraft:zombie":9,"minecraft:bee":3,"minecraft:chicken":4,"minecraft:drowned":1,"alexscaves:grottoceratops":1,"minecraft:enderman":1},"minecraft:mined":{"minecraft:tuff":2,"minecraft:deepslate_diamond_ore":1,"minecraft:crafting_table":1,"minecraft:grass_block":4,"minecraft:calcite":5,"minecraft:tall_grass":43,"minecraft:cobblestone":1,"minecraft:amethyst_block":9,"twilightforest:moonworm":2,"minecraft:furnace":1,"minecraft:iron_ore":1,"minecraft:deepslate_lapis_ore":1,"minecraft:grass":30,"minecraft:oak_log":12,"minecraft:coal_ore":1,"minecraft:deepslate_iron_ore":18,"minecraft:dirt":1,"minecraft:smooth_basalt":4,"minecraft:stone":47,"minecraft:deepslate":4},"minecraft:dropped":{"minecraft:bread":3,"alexsmobs:animal_dictionary":1,"minecraft:cooked_porkchop":1,"minecraft:oak_planks":19,"tombstone:magic_scroll":1,"twilightforest:moonworm_queen":3,"minecraft:written_book":1},"minecraft:custom":{"minecraft:interact_with_furnace":28,"minecraft:interact_with_anvil":1,"minecraft:mob_kills":40,"minecraft:interact_with_crafting_table":16,"minecraft:open_barrel":30,"minecraft:leave_game":6,"minecraft:time_since_death":85057,"minecraft:sleep_in_bed":1,"minecraft:climb_one_cm":1274,"minecraft:time_since_rest":83054,"minecraft:sprint_one_cm":193246,"minecraft:open_enderchest":1,"minecraft:damage_taken":1533,"minecraft:walk_one_cm":210865,"minecraft:damage_blocked_by_shield":100,"minecraft:drop":11,"minecraft:damage_dealt":4688,"minecraft:swim_one_cm":15533,"minecraft:fly_one_cm":749752,"minecraft:crouch_one_cm":1487,"minecraft:play_time":114300,"minecraft:sneak_time":2132,"tombstone:undead_killed":14,"minecraft:deaths":1,"minecraft:walk_under_water_one_cm":39793,"minecraft:boat_one_cm":32724,"minecraft:interact_with_lectern":9,"minecraft:jump":1506,"minecraft:walk_on_water_one_cm":31012,"minecraft:total_world_time":114300,"minecraft:fall_one_cm":44298},"minecraft:picked_up":{"minecraft:crafting_table":1,"minecraft:ladder":10,"minecraft:wooden_pickaxe":1,"minecraft:potato":1,"minecraft:tuff":2,"minecraft:oak_log":12,"minecraft:amethyst_block":8,"minecraft:dirt":5,"minecraft:lapis_lazuli":9,"minecraft:string":5,"minecraft:moss_carpet":15,"minecraft:lantern":2,"minecraft:bone":8,"alexscaves:dinosaur_chop":1,"twilightforest:canopy_door":1,"minecraft:oak_sign":1,"minecraft:wheat_seeds":4,"minecraft:cobbled_deepslate":3,"minecraft:iron_ingot":14,"minecraft:oak_boat":1,"minecraft:written_book":3,"minecraft:calcite":5,"alexscaves:curly_fern":1,"minecraft:oak_planks":39,"minecraft:furnace":1,"minecraft:raw_iron":19,"minecraft:smooth_basalt":4,"twilightforest:moonworm":7,"minecraft:porkchop":3,"tombstone:grave_dust":3,"alexsmobs:animal_dictionary":1,"minecraft:arrow":2,"minecraft:rotten_flesh":7,"minecraft:diamond":1,"tombstone:magic_scroll":1,"minecraft:coal":6,"minecraft:cobblestone":47}},"DataVersion":3465}