{"stats":{"minecraft:used":{"minecraft:netherite_sword":8,"minecraft:writable_book":1,"minecraft:flint_and_steel":1,"minecraft:lantern":7,"minecraft:oak_stairs":17,"minecraft:bread":2,"minecraft:oak_planks":144,"minecraft:ladder":16,"minecraft:oak_sign":1,"minecraft:lectern":3,"minecraft:sandstone":4,"minecraft:ender_chest":1,"twilightforest:canopy_door":1,"minecraft:barrel":6,"minecraft:torch":5,"minecraft:dirt":5,"minecraft:anvil":1,"minecraft:written_book":4,"minecraft:tnt":4,"twilightforest:moonworm_queen":1,"minecraft:white_bed":1,"minecraft:oak_boat":4,"alexscaves:limestone":62,"minecraft:oak_hanging_sign":2},"minecraft:killed":{"minecraft:sheep":4,"minecraft:skeleton":2,"minecraft:bee":3,"minecraft:chicken":4,"minecraft:spider":1,"minecraft:drowned":1,"alexscaves:grottoceratops":1,"minecraft:creeper":3,"minecraft:enderman":1},"minecraft:dropped":{"minecraft:written_book":1},"minecraft:custom":{"minecraft:time_since_rest":26990,"minecraft:sprint_one_cm":20595,"minecraft:open_enderchest":1,"minecraft:damage_taken":105,"minecraft:walk_one_cm":82338,"minecraft:interact_with_anvil":1,"minecraft:mob_kills":20,"minecraft:drop":1,"minecraft:damage_dealt":740,"minecraft:fly_one_cm":512952,"minecraft:open_barrel":30,"minecraft:crouch_one_cm":472,"minecraft:play_time":58236,"tombstone:undead_killed":1,"minecraft:deaths":1,"minecraft:sneak_time":1700,"minecraft:walk_under_water_one_cm":27336,"minecraft:interact_with_lectern":9,"minecraft:jump":258,"minecraft:sleep_in_bed":1,"minecraft:walk_on_water_one_cm":16083,"minecraft:leave_game":5,"minecraft:time_since_death":28993,"minecraft:climb_one_cm":297,"minecraft:total_world_time":58236,"minecraft:fall_one_cm":4803},"minecraft:picked_up":{"minecraft:ladder":2,"twilightforest:moonworm":1,"tombstone:grave_dust":1,"minecraft:moss_carpet":15,"alexscaves:dinosaur_chop":1,"minecraft:written_book":3,"alexscaves:curly_fern":1}},"DataVersion":3465}