{"stats":{"minecraft:crafted":{"minecraft:oak_planks":48,"minecraft:cooked_chicken":3,"minecraft:furnace":1,"minecraft:cooked_mutton":5,"minecraft:bow":1,"minecraft:iron_boots":1,"minecraft:stone_pickaxe":1,"minecraft:cooked_beef":5,"minecraft:cooked_porkchop":13,"minecraft:crafting_table":1,"minecraft:iron_helmet":1,"minecraft:iron_sword":1,"minecraft:bucket":1,"minecraft:stone_axe":1,"minecraft:air":0,"minecraft:iron_chestplate":1,"minecraft:shield":1,"minecraft:stick":12,"minecraft:iron_ingot":21,"minecraft:iron_pickaxe":1,"minecraft:iron_leggings":1},"minecraft:used":{"minecraft:netherite_sword":8,"minecraft:writable_book":1,"minecraft:flint_and_steel":1,"minecraft:ladder":16,"minecraft:oak_sign":1,"minecraft:shield":9,"minecraft:ender_chest":1,"minecraft:iron_sword":252,"minecraft:cooked_chicken":3,"minecraft:iron_chestplate":1,"minecraft:torch":5,"minecraft:dirt":5,"minecraft:mutton":3,"minecraft:anvil":1,"minecraft:carrot":2,"alexscaves:limestone":62,"minecraft:tuff":2,"minecraft:lantern":9,"minecraft:oak_stairs":17,"twilightforest:moonworm":7,"minecraft:iron_helmet":1,"minecraft:iron_boots":1,"twilightforest:canopy_door":2,"minecraft:barrel":6,"minecraft:smooth_basalt":4,"minecraft:bow":7,"minecraft:written_book":4,"twilightforest:moonworm_queen":24,"minecraft:furnace":6,"tombstone:gift":1,"minecraft:cooked_beef":2,"minecraft:cobbled_deepslate":3,"minecraft:iron_leggings":1,"minecraft:cooked_mutton":8,"minecraft:water_bucket":18,"minecraft:stone_pickaxe":54,"minecraft:oak_planks":197,"minecraft:wooden_pickaxe":4,"minecraft:sandstone":4,"minecraft:tnt":4,"minecraft:crafting_table":2,"minecraft:white_bed":1,"minecraft:chicken":1,"minecraft:bread":37,"minecraft:iron_pickaxe":52,"alexsmobs:kangaroo_meat":4,"minecraft:lectern":3,"minecraft:stone_axe":48,"minecraft:cobblestone":26,"minecraft:cooked_porkchop":12,"minecraft:bucket":19,"minecraft:yellow_bed":2,"alexsmobs:animal_dictionary":1,"minecraft:oak_boat":5,"minecraft:oak_hanging_sign":2},"minecraft:killed":{"alexsmobs:tarantula_hawk":1,"minecraft:spider":7,"alexsmobs:rattlesnake":2,"minecraft:skeleton":9,"minecraft:bee":3,"minecraft:chicken":6,"minecraft:drowned":1,"alexsmobs:kangaroo":3,"minecraft:husk":5,"alexsmobs:guster":3,"minecraft:pig":9,"minecraft:creeper":4,"alexsmobs:emu":4,"minecraft:sheep":10,"alexsmobs:gelada_monkey":3,"minecraft:zombie":17,"alexsmobs:rain_frog":1,"alexsmobs:roadrunner":1,"alexsmobs:fly":1,"alexsmobs:crow":1,"alexscaves:grottoceratops":1,"minecraft:cow":8,"minecraft:enderman":1},"minecraft:mined":{"minecraft:tuff":2,"minecraft:deepslate_diamond_ore":1,"minecraft:black_terracotta":1,"minecraft:grass_block":4,"minecraft:sandstone":2,"minecraft:large_fern":1,"minecraft:furnace":6,"minecraft:carrots":1,"minecraft:iron_ore":1,"minecraft:red_sandstone":1,"minecraft:deepslate_lapis_ore":1,"minecraft:potatoes":2,"minecraft:deepslate_iron_ore":18,"minecraft:stone":47,"minecraft:acacia_leaves":7,"minecraft:crafting_table":1,"minecraft:calcite":5,"minecraft:dead_bush":2,"minecraft:tall_grass":60,"minecraft:cobblestone":3,"minecraft:amethyst_block":9,"twilightforest:moonworm":2,"minecraft:blue_terracotta":1,"minecraft:yellow_bed":3,"minecraft:grass":53,"minecraft:coal_ore":1,"minecraft:oak_log":12,"minecraft:dirt":1,"minecraft:smooth_basalt":4,"minecraft:deepslate":4},"minecraft:dropped":{"minecraft:bread":3,"minecraft:wheat_seeds":6,"minecraft:cooked_porkchop":1,"twilightforest:moonworm":2,"minecraft:amethyst_block":8,"minecraft:stick":2,"minecraft:dirt":5,"tombstone:magic_scroll":1,"minecraft:sand":3,"twilightforest:moonworm_queen":3,"alexsmobs:animal_dictionary":1,"minecraft:rotten_flesh":8,"minecraft:black_terracotta":1,"minecraft:oak_planks":19,"minecraft:ladder":8,"minecraft:bow":1,"minecraft:wooden_pickaxe":1,"minecraft:calcite":5,"minecraft:written_book":1,"minecraft:brick":2},"minecraft:custom":{"minecraft:mob_kills":102,"minecraft:interact_with_anvil":1,"minecraft:interact_with_crafting_table":17,"minecraft:open_barrel":30,"minecraft:leave_game":7,"minecraft:time_since_death":149729,"minecraft:climb_one_cm":1274,"minecraft:sprint_one_cm":508119,"minecraft:walk_one_cm":322433,"minecraft:damage_blocked_by_shield":980,"minecraft:drop":25,"minecraft:talked_to_villager":1,"minecraft:play_time":178972,"minecraft:deaths":1,"minecraft:sneak_time":2606,"minecraft:walk_under_water_one_cm":55184,"minecraft:interact_with_lectern":9,"minecraft:boat_one_cm":40047,"minecraft:jump":4027,"minecraft:walk_on_water_one_cm":42035,"minecraft:total_world_time":178972,"minecraft:interact_with_furnace":53,"minecraft:sleep_in_bed":5,"minecraft:time_since_rest":128,"minecraft:open_enderchest":1,"minecraft:damage_taken":3718,"minecraft:damage_dealt":13961,"minecraft:swim_one_cm":65558,"minecraft:fly_one_cm":1404179,"minecraft:open_chest":3,"minecraft:crouch_one_cm":2254,"tombstone:undead_killed":30,"minecraft:fall_one_cm":125028},"minecraft:picked_up":{"minecraft:crafting_table":1,"minecraft:chicken":2,"minecraft:ladder":10,"minecraft:wooden_pickaxe":1,"alexsmobs:roadrunner_feather":1,"minecraft:brick":2,"minecraft:amethyst_block":8,"minecraft:string":5,"minecraft:moss_carpet":15,"alexscaves:dinosaur_chop":1,"minecraft:oak_sign":1,"alexsmobs:emu_feather":4,"minecraft:cobbled_deepslate":3,"minecraft:beef":37,"minecraft:oak_boat":1,"minecraft:written_book":3,"minecraft:calcite":5,"minecraft:furnace":7,"minecraft:egg":1,"minecraft:raw_iron":19,"minecraft:porkchop":19,"tombstone:grave_dust":4,"minecraft:carrot":3,"minecraft:arrow":7,"minecraft:rotten_flesh":8,"minecraft:mutton":20,"alexsmobs:kangaroo_meat":4,"minecraft:white_wool":6,"minecraft:cobblestone":49,"minecraft:leather":9,"minecraft:potato":5,"minecraft:tuff":2,"minecraft:oak_log":12,"minecraft:yellow_bed":3,"minecraft:lapis_lazuli":9,"minecraft:dirt":5,"minecraft:lantern":2,"minecraft:cooked_mutton":3,"minecraft:bone":11,"twilightforest:canopy_door":1,"minecraft:bow":1,"minecraft:wheat_seeds":6,"minecraft:iron_ingot":14,"alexscaves:curly_fern":1,"minecraft:oak_planks":40,"minecraft:smooth_basalt":4,"minecraft:black_terracotta":1,"twilightforest:moonworm":8,"minecraft:sand":5,"alexsmobs:animal_dictionary":1,"alexsmobs:guster_eye":1,"minecraft:diamond":1,"alexsmobs:rattlesnake_rattle":2,"alexsmobs:tarantula_hawk_wing_fragment":1,"minecraft:bread":12,"tombstone:magic_scroll":1,"minecraft:coal":16}},"DataVersion":3465}