{"stats":{"minecraft:crafted":{"minecraft:oak_planks":4,"minecraft:cooked_chicken":2,"minecraft:stone_axe":1,"minecraft:air":0,"minecraft:stick":4,"minecraft:stone_pickaxe":1},"minecraft:used":{"minecraft:netherite_sword":8,"minecraft:writable_book":1,"minecraft:flint_and_steel":1,"minecraft:stone_pickaxe":10,"minecraft:ladder":16,"minecraft:oak_planks":183,"minecraft:oak_sign":1,"minecraft:wooden_pickaxe":4,"minecraft:ender_chest":1,"minecraft:sandstone":4,"minecraft:cooked_chicken":1,"minecraft:torch":5,"minecraft:dirt":5,"minecraft:anvil":1,"minecraft:tnt":4,"minecraft:white_bed":1,"alexscaves:limestone":62,"minecraft:lantern":7,"minecraft:oak_stairs":17,"minecraft:bread":7,"twilightforest:moonworm":5,"minecraft:lectern":3,"minecraft:barrel":6,"twilightforest:canopy_door":2,"minecraft:stone_axe":1,"minecraft:written_book":4,"twilightforest:moonworm_queen":1,"minecraft:oak_boat":4,"alexsmobs:animal_dictionary":1,"minecraft:oak_hanging_sign":2},"minecraft:mined":{"minecraft:tall_grass":8,"twilightforest:moonworm":1,"minecraft:grass":1,"minecraft:oak_log":12,"minecraft:dirt":1,"minecraft:stone":13},"minecraft:killed":{"minecraft:pig":1,"minecraft:spider":1,"minecraft:creeper":3,"minecraft:sheep":4,"minecraft:skeleton":2,"minecraft:bee":3,"minecraft:chicken":4,"minecraft:drowned":1,"alexscaves:grottoceratops":1,"minecraft:enderman":1},"minecraft:dropped":{"alexsmobs:animal_dictionary":1,"twilightforest:moonworm_queen":3,"minecraft:written_book":1},"minecraft:custom":{"minecraft:interact_with_furnace":8,"minecraft:mob_kills":21,"minecraft:interact_with_anvil":1,"minecraft:interact_with_crafting_table":4,"minecraft:open_barrel":30,"minecraft:leave_game":5,"minecraft:time_since_death":52993,"minecraft:sleep_in_bed":1,"minecraft:climb_one_cm":1274,"minecraft:time_since_rest":50990,"minecraft:sprint_one_cm":68581,"minecraft:open_enderchest":1,"minecraft:damage_taken":535,"minecraft:walk_one_cm":143791,"minecraft:drop":5,"minecraft:damage_dealt":1065,"minecraft:swim_one_cm":8062,"minecraft:fly_one_cm":556516,"minecraft:crouch_one_cm":1124,"minecraft:play_time":82236,"tombstone:undead_killed":1,"minecraft:deaths":1,"minecraft:sneak_time":1910,"minecraft:walk_under_water_one_cm":35746,"minecraft:interact_with_lectern":9,"minecraft:boat_one_cm":32724,"minecraft:jump":518,"minecraft:walk_on_water_one_cm":23830,"minecraft:total_world_time":82236,"minecraft:fall_one_cm":13652},"minecraft:picked_up":{"minecraft:ladder":10,"minecraft:wooden_pickaxe":1,"minecraft:oak_log":12,"minecraft:dirt":1,"minecraft:moss_carpet":15,"minecraft:lantern":2,"alexscaves:dinosaur_chop":1,"twilightforest:canopy_door":1,"minecraft:oak_sign":1,"minecraft:oak_boat":1,"minecraft:written_book":3,"alexscaves:curly_fern":1,"minecraft:oak_planks":39,"twilightforest:moonworm":5,"minecraft:porkchop":3,"tombstone:grave_dust":1,"alexsmobs:animal_dictionary":1,"minecraft:cobblestone":13}},"DataVersion":3465}