{"stats":{"minecraft:killed":{"minecraft:sheep":4,"minecraft:skeleton":2,"minecraft:bee":3,"minecraft:chicken":4,"minecraft:spider":1,"alexscaves:grottoceratops":1,"minecraft:creeper":3,"minecraft:enderman":1},"minecraft:custom":{"minecraft:time_since_rest":9268,"minecraft:sprint_one_cm":7089,"minecraft:open_enderchest":1,"minecraft:damage_taken":35,"minecraft:walk_one_cm":22493,"minecraft:interact_with_anvil":1,"minecraft:mob_kills":19,"minecraft:damage_dealt":519,"minecraft:fly_one_cm":258685,"minecraft:open_barrel":5,"minecraft:crouch_one_cm":58,"minecraft:play_time":23834,"minecraft:sneak_time":332,"minecraft:walk_under_water_one_cm":842,"minecraft:jump":117,"minecraft:time_since_death":23834,"minecraft:leave_game":2,"minecraft:walk_on_water_one_cm":9762,"minecraft:sleep_in_bed":1,"minecraft:climb_one_cm":100,"minecraft:total_world_time":23834,"minecraft:fall_one_cm":335},"minecraft:picked_up":{"alexscaves:dinosaur_chop":1,"alexscaves:curly_fern":1,"minecraft:written_book":2},"minecraft:used":{"minecraft:netherite_sword":8,"minecraft:writable_book":1,"minecraft:flint_and_steel":1,"minecraft:lantern":7,"minecraft:ladder":14,"minecraft:oak_planks":139,"minecraft:oak_sign":1,"minecraft:lectern":3,"minecraft:sandstone":4,"minecraft:ender_chest":1,"minecraft:barrel":6,"twilightforest:canopy_door":1,"minecraft:torch":5,"minecraft:dirt":5,"minecraft:anvil":1,"minecraft:written_book":3,"minecraft:tnt":4,"minecraft:white_bed":1,"minecraft:oak_boat":4,"alexscaves:limestone":62,"minecraft:oak_hanging_sign":2}},"DataVersion":3465}