{"stats":{"minecraft:used":{"minecraft:netherite_sword":8,"minecraft:writable_book":1,"minecraft:flint_and_steel":1,"minecraft:lantern":7,"minecraft:oak_stairs":17,"minecraft:bread":4,"minecraft:oak_planks":144,"minecraft:ladder":16,"minecraft:oak_sign":1,"twilightforest:moonworm":2,"minecraft:lectern":3,"minecraft:sandstone":4,"minecraft:ender_chest":1,"twilightforest:canopy_door":1,"minecraft:barrel":6,"minecraft:torch":5,"minecraft:dirt":5,"minecraft:anvil":1,"minecraft:written_book":4,"minecraft:tnt":4,"twilightforest:moonworm_queen":1,"alexsmobs:animal_dictionary":1,"minecraft:white_bed":1,"minecraft:oak_boat":4,"alexscaves:limestone":62,"minecraft:oak_hanging_sign":2},"minecraft:mined":{"twilightforest:moonworm":1},"minecraft:killed":{"minecraft:sheep":4,"minecraft:skeleton":2,"minecraft:bee":3,"minecraft:chicken":4,"minecraft:spider":1,"minecraft:drowned":1,"alexscaves:grottoceratops":1,"minecraft:creeper":3,"minecraft:enderman":1},"minecraft:dropped":{"alexsmobs:animal_dictionary":1,"twilightforest:moonworm_queen":2,"minecraft:written_book":1},"minecraft:custom":{"minecraft:time_since_rest":38990,"minecraft:sprint_one_cm":32001,"minecraft:open_enderchest":1,"minecraft:damage_taken":325,"minecraft:walk_one_cm":112423,"minecraft:interact_with_anvil":1,"minecraft:mob_kills":20,"minecraft:drop":4,"minecraft:damage_dealt":805,"minecraft:fly_one_cm":521476,"minecraft:open_barrel":30,"minecraft:crouch_one_cm":506,"minecraft:play_time":70236,"tombstone:undead_killed":1,"minecraft:deaths":1,"minecraft:sneak_time":1754,"minecraft:walk_under_water_one_cm":27754,"minecraft:interact_with_lectern":9,"minecraft:jump":372,"minecraft:sleep_in_bed":1,"minecraft:walk_on_water_one_cm":17851,"minecraft:leave_game":5,"minecraft:time_since_death":40993,"minecraft:climb_one_cm":832,"minecraft:total_world_time":70236,"minecraft:fall_one_cm":9237},"minecraft:picked_up":{"minecraft:ladder":2,"twilightforest:moonworm":2,"tombstone:grave_dust":1,"alexsmobs:animal_dictionary":1,"minecraft:moss_carpet":15,"alexscaves:dinosaur_chop":1,"minecraft:written_book":3,"alexscaves:curly_fern":1}},"DataVersion":3465}